w and h;memory;operations
2;8;4
3;30;15
4;64;32
5;120;65
6;192;108
7;280;161
8;384;192
9;522;333
10;680;420
11;858;550
12;1056;672
13;1274;832
14;1512;980
15;1770;1245
16;2048;1408
17;2380;1717
18;2736;1944
19;3116;2356
20;3520;2640
21;3948;3045
22;4400;3300
23;4876;3887
24;5376;4128
25;5900;4875
26;6448;5148
27;7020;5859
28;7616;6216
29;8236;7134
30;8880;7440
31;9548;8308
32;10240;8576
33;11022;9801
34;11832;10676
35;12670;11445
36;13536;12384
37;14430;13838
38;15352;13832
39;16302;15639
40;17280;16480
41;18286;17958
42;19320;18396
43;20382;20339
44;21472;21032
45;22590;22995
46;23736;23920
47;24910;25380
48;26112;25728
49;27342;28420
50;28600;29200
51;29886;31824
52;31200;32968
53;32542;35351
54;33912;36612
55;35310;39050
56;36736;39536
57;38190;43149
58;39672;44080
59;41182;46433
60;42720;47400
61;44286;51301
62;45880;51708
63;47502;54432
64;49152;56832
65;50960;59865
66;52800;61644
67;54672;65995
68;56576;64736
69;58512;70587
70;60480;71820
71;62480;76396
72;64512;77760
73;66576;83512
74;68672;84656
75;70800;87525
76;72960;91048
77;75152;94864
78;77376;95628
79;79632;101989
80;81920;101120
81;84240;108540
82;86592;110044
83;88976;114706
84;91392;115752
85;93840;124100
86;96320;125388
87;98832;129630
88;101376;131120
89;103952;139552
90;106560;141660
91;109200;149149
92;111872;149224
93;114576;155589
94;117312;156980
95;120080;164255
96;122880;167040
97;125712;174309
98;128576;174048
99;131472;182952
100;134400;188000
101;137360;193920
102;140352;194616
103;143376;204764
104;146432;204048
105;149520;217035
106;152640;220904
107;155792;224914
108;158976;225720
109;162192;238710
110;165440;237380
111;168720;247641
112;172032;249312
113;175376;261369
114;178752;262428
115;182160;273700
116;185600;275616
117;189072;284661
118;192576;290044
119;196112;294882
120;199680;298320
121;203280;314842
122;206912;313540
123;210576;325827
124;214272;326120
125;218000;339375
126;221760;340956
127;225552;354584
128;229376;352256
129;233490;368811
130;237640;371280
131;241826;382913
132;246048;388080
133;250306;402857
134;254600;404680
135;258930;410130
136;263296;418608
137;267698;438948
138;272136;434424
139;276610;451333
140;281120;448840
141;285666;473901
142;290248;468316
143;294866;486915
144;299520;490752
145;304210;508515
146;308936;509248
147;313698;526260
148;318496;531912
149;323330;543850
150;328200;545400
151;333106;563230
152;338048;565744
153;343026;587979
154;348040;591360
155;353090;603880
156;358176;602160
157;363298;631297
158;368456;622520
159;373650;639975
160;378880;648320
161;384146;671048
162;389448;669708
163;394786;691609
164;400160;690768
165;405570;714450
166;411016;720108
167;416498;734967
168;422016;733824
169;427570;772330
170;433160;764320
171;438786;789507
172;444448;781912
173;450146;814138
174;455880;808056
175;461650;833525
176;467456;840224
177;473298;867123
178;479176;864368
179;485090;884439
180;491040;887040
181;497026;922376
182;503048;917644
183;509106;943731
184;515200;938768
185;521330;972360
186;527496;973524
187;533698;998019
188;539936;996776
189;546210;1026270
190;552520;1030560
191;558866;1048208
192;565248;1041408
193;571666;1088134
194;578120;1080968
195;584610;1105455
196;591136;1122296
197;597698;1143388
198;604296;1142460
199;610930;1175493
200;617600;1150800
201;624306;1216452
202;631048;1202304
203;637826;1234443
204;644640;1246032
205;651490;1275715
206;658376;1280496
207;665298;1296027
208;672256;1303744
209;679250;1340735
210;686280;1340220
211;693346;1382683
212;700448;1360192
213;707586;1410486
214;714760;1395280
215;721970;1426740
216;729216;1442448
217;736498;1490356
218;743816;1469756
219;751170;1504092
220;758560;1514040
221;765986;1543906
222;773448;1549560
223;780946;1584415
224;788480;1580096
225;796050;1622250
226;803656;1633528
227;811298;1653695
228;818976;1644336
229;826690;1701470
230;834440;1695560
231;842226;1737582
232;850048;1745104
233;857906;1780586
234;865800;1778400
235;873730;1821015
236;881696;1812008
237;889698;1851918
238;897736;1850688
239;905810;1889295
240;913920;1892160
241;922066;1952823
242;930248;1946648
243;938466;1975590
244;946720;1987136
245;955010;2035460
246;963336;2036880
247;971698;2065661
248;980096;2063360
249;988530;2128203
250;997000;2116000
251;1005506;2157094
252;1014048;2150568
253;1022626;2212991
254;1031240;2208276
255;1039890;2233290
256;1048576;2246656
257;1057812;2295781
258;1067088;2295684
259;1076404;2343691
260;1085760;2349360
261;1095156;2400156
262;1104592;2388392
263;1114068;2438010
264;1123584;2436720
265;1133140;2509815
266;1142736;2507316
267;1152372;2547180
268;1162048;2541712
269;1171764;2584552
270;1181520;2599020
271;1191316;2654716
272;1201152;2654176
273;1211028;2721264
274;1220944;2714244
275;1230900;2753025
276;1240896;2768280
277;1250932;2830663
278;1261008;2820588
279;1271124;2856123
280;1281280;2856000
281;1291476;2941508
282;1301712;2920392
283;1311988;2979141
284;1322304;2966664
285;1332660;3034680
286;1343056;3046472
287;1353492;3091564
288;1363968;3090816
289;1374484;3159637
290;1385040;3154620
291;1395636;3200418
292;1406272;3189808
293;1416948;3277498
294;1427664;3258696
295;1438420;3324945
296;1449216;3332960
297;1460052;3402729
298;1470928;3394816
299;1481844;3435510
300;1492800;3436800
301;1503796;3537352
302;1514832;3517092
303;1525908;3567219
304;1537024;3534912
305;1548180;3658475
306;1559376;3650580
307;1570612;3714700
308;1581888;3698464
309;1593204;3763311
310;1604560;3742940
311;1615956;3825922
312;1627392;3814512
313;1638868;3921890
314;1650384;3889832
315;1661940;3951675
316;1673536;3978440
317;1685172;4027168
318;1696848;3999804
319;1708564;4082243
320;1720320;4083200
321;1732116;4169790
322;1743952;4138988
323;1755828;4220964
324;1767744;4231440
325;1779700;4313075
326;1791696;4314936
327;1803732;4358583
328;1815808;4359120
329;1827924;4462885
330;1840080;4455000
331;1852276;4533707
332;1864512;4484656
333;1876788;4601727
334;1889104;4589828
335;1901460;4654155
336;1913856;4649568
337;1926292;4780345
338;1938768;4728620
339;1951284;4802952
340;1963840;4814400
341;1976436;4922676
342;1989072;4913172
343;2001748;4968012
344;2014464;4964608
345;2027220;5062875
346;2040016;5047448
347;2052852;5106799
348;2065728;5122560
349;2078644;5227322
350;2091600;5194000
351;2104596;5295888
352;2117632;5261696
353;2130708;5376896
354;2143824;5348940
355;2156980;5441440
356;2170176;5443952
357;2183412;5529216
358;2196688;5538976
359;2210004;5580655
360;2223360;5574240
361;2236756;5738817
362;2250192;5691364
363;2263668;5768433
364;2277184;5755568
365;2290740;5881610
366;2304336;5872104
367;2317972;5930720
368;2331648;5929952
369;2345364;6040161
370;2359120;6022120
371;2372916;6154519
372;2386752;6140976
373;2400628;6232457
374;2414544;6197928
375;2428500;6263625
376;2442496;6279200
377;2456532;6423326
378;2470608;6382152
379;2484724;6507430
380;2498880;6447840
381;2513076;6561582
382;2527312;6520740
383;2541588;6643518
384;2555904;6646272
385;2570260;6795250
386;2584656;6802092
387;2599092;6823584
388;2613568;6809400
389;2628084;6932369
390;2642640;6940440
391;2657236;7050121
392;2671872;7023072
393;2686548;7194651
394;2701264;7115640
395;2716020;7208750
396;2730816;7236504
397;2745652;7360777
398;2760528;7306484
399;2775444;7376313
400;2790400;7430400
401;2805396;7582108
402;2820432;7514988
403;2835508;7623954
404;2850624;7630752
405;2865780;7755750
406;2880976;7722932
407;2896212;7846553
408;2911488;7805856
409;2926804;8002494
410;2942160;7920380
411;2957556;8044092
412;2972992;8004336
413;2988468;8140643
414;3003984;8145036
415;3019540;8236505
416;3035136;8240960
417;3050772;8377530
418;3066448;8323216
419;3082164;8456258
420;3097920;8448720
421;3113716;8650287
422;3129552;8550564
423;3145428;8627931
424;3161344;8620768
425;3177300;8801750
426;3193296;8825016
427;3209332;8887151
428;3225408;8880144
429;3241524;8977254
430;3257680;9021400
431;3273876;9101858
432;3290112;9068544
433;3306388;9285685
434;3322704;9215556
435;3339060;9348585
436;3355456;9334760
437;3371892;9446629
438;3388368;9459048
439;3404884;9575907
440;3421440;9535680
441;3438036;9725814
442;3454672;9696596
443;3471348;9788528
444;3488064;9775104
445;3504820;9936850
446;3521616;9880684
447;3538452;10001625
448;3555328;9978752
449;3572244;10178830
450;3589200;10115100
451;3606196;10313017
452;3623232;10261304
453;3640308;10404957
454;3657424;10370268
455;3674580;10455445
456;3691776;10552752
457;3709012;10691515
458;3726288;10633844
459;3743604;10699290
460;3760960;10738240
461;3778356;10917402
462;3795792;10881024
463;3813268;11041161
464;3830784;10961536
465;3848340;11179530
466;3865936;11086140
467;3883572;11218741
468;3901248;11207664
469;3918964;11435627
470;3936720;11425700
471;3954516;11514066
472;3972352;11444112
473;3990228;11663707
474;4008144;11721072
475;4026100;11792350
476;4044096;11860968
477;4062132;11906397
478;4080208;11851532
479;4098324;11963983
480;4116480;11960640
481;4134676;12252994
482;4152912;12208096
483;4171188;12305874
484;4189504;12357488
485;4207860;12448010
486;4226256;12483396
487;4244692;12604047
488;4263168;12578688
489;4281684;12768279
490;4300240;12730200
491;4318836;12886786
492;4337472;12847104
493;4356148;13067951
494;4374864;13022828
495;4393620;13105620
496;4412416;13188640
497;4431252;13338486
498;4450128;13299588
499;4469044;13456533
500;4488000;13354000
501;4506996;13571589
502;4526032;13555004
503;4545108;13638342
504;4564224;13645296
505;4583380;13947090
506;4602576;13923096
507;4621812;13969878
508;4641088;13986256
509;4660404;14099809
510;4679760;14132100
511;4699156;14330484
512;4718592;14254080
513;4739094;14474295
514;4759640;14402280
515;4780230;14543085
516;4800864;14591448
517;4821542;14800159
518;4842264;14744352
519;4863030;14870907
520;4883840;14830400
521;4904694;15144949
522;4925592;15104592
523;4946534;15232898
524;4967520;15233728
525;4988550;15377775
526;5009624;15413904
527;5030742;15436357
528;5051904;15554880
529;5073110;15767374
530;5094360;15735700
531;5115654;15859377
532;5136992;15801464
533;5158374;16073148
534;5179800;15997572
535;5201270;16171980
536;5222784;16096080
537;5244342;16392999
538;5265944;16289564
539;5287590;16447046
540;5309280;16601760
541;5331014;16793181
542;5352792;16643736
543;5374614;16789017
544;5396480;16766080
545;5418390;17097195
546;5440344;17041752
547;5462342;17257303
548;5484384;17232408
549;5506470;17338518
550;5528600;17358000
551;5550774;17579104
552;5572992;17469696
553;5595254;17791116
554;5617560;17711380
555;5639910;17855460
556;5662304;17839816
557;5684742;18022292
558;5707224;18020052
559;5729750;18206630
560;5752320;18232480
561;5774934;18466998
562;5797592;18433600
563;5820294;18501869
564;5843040;18486792
565;5865830;18777210
566;5888664;18784408
567;5911542;18817596
568;5934464;18905312
569;5957430;19107020
570;5980440;19064220
571;6003494;19370604
572;6026592;19159712
573;6049734;19475697
574;6072920;19313952
575;6096150;19624750
576;6119424;19611648
577;6142742;19895537
578;6166104;19768756
579;6189510;19985343
580;6212960;19903280
581;6236454;20218800
582;6259992;20219844
583;6283574;20319299
584;6307200;20413136
585;6330870;20584980
586;6354584;20585008
587;6378342;20590786
588;6402144;20698776
589;6425990;21017876
590;6449880;20952080
591;6473814;21105792
592;6497792;21018368
593;6521814;21403149
594;6545880;21240252
595;6569990;21539595
596;6594144;21551360
597;6618342;21663339
598;6642584;21542352
599;6666870;21830555
600;6691200;21819600
601;6715574;22288085
602;6739992;22033200
603;6764454;22256730
604;6788960;22155928
605;6813510;22490270
606;6838104;22544412
607;6862742;22569474
608;6887424;22613952
609;6912150;22922151
610;6936920;22862800
611;6961734;23114741
612;6986592;23099328
613;7011494;23398210
614;7036440;23221480
615;7061430;23432730
616;7086464;23432640
617;7111542;23699587
618;7136664;23621196
619;7161830;23855641
620;7187040;23793120
621;7212294;24117156
622;7237592;24011688
623;7262934;24225978
624;7288320;24306048
625;7313750;24623125
626;7339224;24557980
627;7364742;24596583
628;7390304;24671608
629;7415910;24915319
630;7441560;24910200
631;7467254;25272812
632;7492992;24970320
633;7518774;25363044
634;7544600;25150780
635;7570470;25396190
636;7596384;25526496
637;7622342;25779390
638;7648344;25822412
639;7674390;25853940
640;7700480;25797120
641;7726614;26258565
642;7752792;26155080
643;7779014;26362357
644;7805280;26322856
645;7831590;26643660
646;7857944;26529928
647;7884342;26701043
648;7910784;26705376
649;7937270;27209325
650;7963800;27120600
651;7990374;27301638
652;8016992;27146672
653;8043654;27506972
654;8070360;27413064
655;8097110;27725495
656;8123904;27611040
657;8150742;28072296
658;8177624;27920256
659;8204550;28172909
660;8231520;28108080
661;8258534;28587589
662;8285592;28340220
663;8312694;28534857
664;8339840;28541376
665;8367030;28945455
666;8394264;28944360
667;8421542;29145899
668;8448864;29044640
669;8476230;29339664
670;8503640;29134280
671;8531094;29545472
672;8558592;29457792
673;8586134;29984169
674;8613720;29740924
675;8641350;29902500
676;8669024;30049552
677;8696742;30257838
678;8724504;30238800
679;8752310;30550247
680;8780160;30545600
681;8808054;30861558
682;8835992;30609524
683;8863974;30992491
684;8892000;30886704
685;8920070;31298335
686;8948184;31181444
687;8976342;31416510
688;9004544;31343904
689;9032790;31779436
690;9061080;31813140
691;9089414;32074838
692;9117792;31885976
693;9146214;32243904
694;9174680;32232136
695;9203190;32372405
696;9231744;32408544
697;9260342;32854489
698;9288984;32646856
699;9317670;32836923
700;9346400;32838400
701;9375174;33278573
702;9403992;33132996
703;9432854;33370707
704;9461760;33401984
705;9490710;33753285
706;9519704;33573124
707;9548742;33822880
708;9577824;33920280
709;9606950;34300711
710;9636120;34133960
711;9665334;34493454
712;9694592;34195936
713;9723894;34745916
714;9753240;34773228
715;9782630;35044295
716;9812064;35096888
717;9841542;35203983
718;9871064;35088660
719;9900630;35352511
720;9930240;35323200
721;9959894;36037022
722;9989592;35793872
723;10019334;35995278
724;10049120;35932120
725;10078950;36317425
726;10108824;36382764
727;10138742;36633530
728;10168704;36414560
729;10198710;36990918
730;10228760;36771560
731;10258854;37121642
732;10288992;37001136
733;10319174;37514207
734;10349400;37316560
735;10379670;37529835
736;10409984;37577216
737;10440342;38018882
738;10470744;37883016
739;10501190;38180435
740;10531680;38078920
741;10562214;38575719
742;10592792;38399984
743;10623414;38690239
744;10654080;38665680
745;10684790;39246600
746;10715544;39012816
747;10746342;39216006
748;10777184;39145832
749;10808070;39539710
750;10839000;39487500
751;10869974;39937429
752;10900992;39755232
753;10932054;40249356
754;10963160;39989144
755;10994310;40315490
756;11025504;40374936
757;11056742;40965055
758;11088024;40689440
759;11119350;40866837
760;11150720;40895600
761;11182134;41369482
762;11213592;41181528
763;11245094;41555269
764;11276640;41570768
765;11308230;41838615
766;11339864;41728616
767;11371542;41977143
768;11403264;42058752
769;11435030;42613366
770;11466840;42331520
771;11498694;42882249
772;11530592;42551096
773;11562534;43072333
774;11594520;42998796
775;11626550;43230275
776;11658624;43255792
777;11690742;43681386
778;11722904;43577336
779;11755110;43846794
780;11787360;43832880
781;11819654;44462330
782;11851992;44251816
783;11884374;44475966
784;11916800;44283456
785;11949270;45051150
786;11981784;44748552
787;12014342;45122645
788;12046944;44955400
789;12079590;45434565
790;12112280;45257520
791;12145014;45754604
792;12177792;45684144
793;12210614;46295340
794;12243480;46093288
795;12276390;46285695
796;12309344;46217352
797;12342342;46642034
798;12375384;46560108
799;12408470;47129814
800;12441600;46974400
801;12474774;47458449
802;12507992;47164016
803;12541254;47464527
804;12574560;47616096
805;12607910;48092310
806;12641304;48044048
807;12674742;48072183
808;12708224;47980656
809;12741750;48654878
810;12775320;48489840
811;12808934;48986022
812;12842592;48741112
813;12876294;49300320
814;12910040;48931168
815;12943830;49378405
816;12977664;49461024
817;13011542;50095989
818;13045464;49912724
819;13079430;50082669
820;13113440;50169240
821;13147494;50667194
822;13181592;50367228
823;13215734;50855639
824;13249920;50667760
825;13284150;51241575
826;13318424;51088100
827;13352742;51413763
828;13387104;51509880
829;13421510;51940166
830;13455960;51664180
831;13490454;52131123
832;13524992;51876864
833;13559574;52459841
834;13594200;52460268
835;13628870;52761980
836;13663584;52684720
837;13698342;53148663
838;13733144;52953220
839;13767990;53321806
840;13802880;53177040
841;13837814;54129283
842;13872792;53830744
843;13907814;53984877
844;13942880;53923160
845;13977990;54461095
846;14013144;54539928
847;14048342;54765326
848;14083584;54779104
849;14118870;55225752
850;14154200;54974600
851;14189574;55554131
852;14224992;55451568
853;14260454;55955094
854;14295960;55752536
855;14331510;56146140
856;14367104;56117648
857;14402742;56554287
858;14438424;56442672
859;14474150;57042754
860;14509920;56725600
861;14545734;57305577
862;14581592;57097156
863;14617494;57303200
864;14653440;57537216
865;14689430;58233530
866;14725464;57947524
867;14761542;58238991
868;14797664;58110864
869;14833830;58760911
870;14870040;58754580
871;14906294;59244549
872;14942592;58898368
873;14978934;59456538
874;15015320;59260696
875;15051750;59641750
876;15088224;59816784
877;15124742;60359525
878;15161304;59958620
879;15197910;60244902
880;15234560;60220160
881;15271254;61034799
882;15307992;60766272
883;15344774;61362319
884;15381600;61114456
885;15418470;61613700
886;15455384;61468908
887;15492342;61869137
888;15529344;61831440
889;15566390;62609603
890;15603480;62428160
891;15640614;62504541
892;15677792;62588072
893;15715014;63060981
894;15752280;63073488
895;15789590;63361525
896;15826944;63388416
897;15864342;63930087
898;15901784;63601748
899;15939270;63890132
900;15976800;64096200
901;16014374;64840465
902;16051992;64491196
903;16089654;64835400
904;16127360;64739056
905;16165110;65449600
906;16202904;65210256
907;16240742;65725755
908;16278624;65515832
909;16316550;66064302
910;16354520;65851240
911;16392534;66580435
912;16430592;66251328
913;16468694;67180366
914;16506840;66886520
915;16545030;67112505
916;16583264;67034712
917;16621542;67596655
918;16659864;67649256
919;16698230;68047355
920;16736640;67989840
921;16775094;68709363
922;16813592;68231688
923;16852134;68637049
924;16890720;68754840
925;16929350;69616425
926;16968024;69268504
927;17006742;69416541
928;17045504;69277056
929;17084310;70197098
930;17123160;70019700
931;17162054;70650797
932;17200992;70692200
933;17239974;70929459
934;17279000;70735556
935;17318070;70968370
936;17357184;71332560
937;17396342;71931616
938;17435544;71591912
939;17474790;72181869
940;17514080;71889320
941;17553414;72586858
942;17592792;72496320
943;17632214;72843921
944;17671680;72808832
945;17711190;73469025
946;17750744;73354732
947;17790342;73708798
948;17829984;73763880
949;17869670;74492704
950;17909400;74255800
951;17949174;74699148
952;17988992;74122720
953;18028854;75126896
954;18068760;74868012
955;18108710;75422080
956;18148704;75296472
957;18188742;75682431
958;18228824;75808456
959;18268950;76072675
960;18309120;76325760
961;18349334;77007813
962;18389592;76602136
963;18429894;76905180
964;18470240;77035168
965;18510630;77575385
966;18551064;77413308
967;18591542;78076547
968;18632064;77776864
969;18672630;78521946
970;18713240;78484640
971;18753894;78823838
972;18794592;78732000
973;18835334;79483397
974;18876120;79242692
975;18916950;79521000
976;18957824;79497152
977;18998742;80292791
978;19039704;80076684
979;19080710;80726382
980;19121760;80593240
981;19162854;81227781
982;19203992;80767536
983;19245174;81279355
984;19286400;81412224
985;19327670;82207115
986;19368984;81970124
987;19410342;82149984
988;19451744;82197648
989;19493190;82691279
990;19534680;82659060
991;19576214;83485804
992;19617792;83032384
993;19659414;83803242
994;19701080;83346900
995;19742790;84100385
996;19784544;84092280
997;19826342;84890562
998;19868184;84538584
999;19910070;84694221
1000;19952000;84890000
1001;19993974;85638553
1002;20035992;85801260
1003;20078054;85996217
1004;20120160;85896216
1005;20162310;86322465
1006;20204504;86117624
1007;20246742;86463034
1008;20289024;86812992
1009;20331350;87693199
1010;20373720;87239760
1011;20416134;87885219
1012;20458592;87359888
1013;20501094;88190767
1014;20543640;88104432
1015;20586230;88626755
1016;20628864;88952832
1017;20671542;89086149
1018;20714264;88903976
1019;20757030;89469219
1020;20799840;89558040
1021;20842694;90485104
1022;20885592;90052508
1023;20928534;90152898
1024;20971520;90394624
1025;21016600;91125575
1026;21061728;91197036
1027;21106904;91605319
1028;21152128;91576296
1029;21197400;91926744
1030;21242720;91834800
1031;21288088;92404406
1032;21333504;92120448
1033;21378968;93293329
1034;21424480;92933852
1035;21470040;93239010
1036;21515648;93382968
1037;21561304;94014420
1038;21607008;93814440
1039;21652760;94403540
1040;21698560;94128320
1041;21744408;95177589
1042;21790304;94584424
1043;21836248;95213384
1044;21882240;95388192
1045;21928280;96110740
1046;21974368;96020708
1047;22020504;96302013
1048;22066688;96095312
1049;22112920;96972707
1050;22159200;96807900
1051;22205528;97751408
1052;22251904;97143784
1053;22298328;97657326
1054;22344800;97754284
1055;22391320;98232105
1056;22437888;98169984
1057;22484504;99193108
1058;22531168;98992828
1059;22577880;99307725
1060;22624640;98978560
1061;22671448;100062910
1062;22718304;99993672
1063;22765208;100463067
1064;22812160;100296896
1065;22859160;101151570
1066;22906208;100747660
1067;22953304;101306315
1068;23000448;101536896
1069;23047640;102218849
1070;23094880;101776260
1071;23142168;102172329
1072;23189504;102438176
1073;23236888;103148563
1074;23284320;103024524
1075;23331800;103439725
1076;23379328;103463856
1077;23426904;103973580
1078;23474528;103729472
1079;23522200;104661921
1080;23569920;104360400
1081;23617688;105786660
1082;23665504;105053544
1083;23713368;105354240
1084;23761280;105295424
1085;23809240;106142295
1086;23857248;106356324
1087;23905304;106643396
1088;23953408;106449920
1089;24001560;107347086
1090;24049760;107116480
1091;24098008;107672972
1092;24146304;107328312
1093;24194648;108642014
1094;24243040;108185660
1095;24291480;108618525
1096;24339968;108216848
1097;24388504;109381870
1098;24437088;109141200
1099;24485720;109936267
1100;24534400;109733800
1101;24583128;110630682
1102;24631904;110017068
1103;24680728;110715831
1104;24729600;110868096
1105;24778520;111870200
1106;24827488;111675032
1107;24876504;111777111
1108;24925568;111790552
1109;24974680;112488088
1110;25023840;112605060
1111;25073048;113254229
1112;25122304;112799056
1113;25171608;113769747
1114;25220960;113523284
1115;25270360;113821430
1116;25319808;113941368
1117;25369304;114991799
1118;25418848;114465312
1119;25468440;115116006
1120;25518080;114791040
1121;25567768;116115422
1122;25617504;115826304
1123;25667288;116525849
1124;25717120;116268808
1125;25767000;116786250
1126;25816928;116725664
1127;25866904;117129110
1128;25916928;117420288
1129;25967000;118390327
1130;26017120;118080480
1131;26067288;118558206
1132;26117504;118346072
1133;26167768;119017118
1134;26218080;119063196
1135;26268440;119938855
1136;26318848;119434496
1137;26369304;120486753
1138;26419808;119583316
1139;26470360;120548343
1140;26520960;120643920
1141;26571608;122004848
1142;26622304;121595592
1143;26673048;121475754
1144;26723840;121401280
1145;26774680;122738275
1146;26825568;122525736
1147;26876504;122928578
1148;26927488;123173512
1149;26978520;123750747
1150;27029600;123326000
1151;27080728;123985720
1152;27131904;123793920
1153;27183128;125170833
1154;27234400;124749708
1155;27285720;125109600
1156;27337088;125650264
1157;27388504;125982259
1158;27439968;126006612
1159;27491480;126399381
1160;27543040;126528160
1161;27594648;127477800
1162;27646304;126651028
1163;27698008;127700889
1164;27749760;127413768
1165;27801560;128590370
1166;27853408;128187708
1167;27905304;128626740
1168;27957248;128393568
1169;28009240;129657297
1170;28061280;129516660
1171;28113368;130565329
1172;28165504;129876352
1173;28217688;130591263
1174;28269920;130386788
1175;28322200;131027775
1176;28374528;131147520
1177;28426904;132560802
1178;28479328;131780504
1179;28531800;132335676
1180;28584320;132056160
1181;28636888;133261678
1182;28689504;132873348
1183;28742168;133395080
1184;28794880;133874880
1185;28847640;134694210
1186;28900448;133825868
1187;28953304;134546450
1188;29006208;134723952
1189;29059160;135945504
1190;29112160;135764720
1191;29165208;136449297
1192;29218304;135620992
1193;29271448;136854995
1194;29324640;136818072
1195;29377880;137147760
1196;29431168;137324720
1197;29484504;137976993
1198;29537888;138074292
1199;29591320;138157173
1200;29644800;138516000
1201;29698328;140192730
1202;29751904;139109864
1203;29805528;139314618
1204;29859200;139413568
1205;29912920;140751230
1206;29966688;140388048
1207;30020504;141145373
1208;30074368;140947024
1209;30128280;141844716
1210;30182240;141548220
1211;30236248;142701818
1212;30290304;142422120
1213;30344408;143083054
1214;30398560;142914508
1215;30452760;143040735
1216;30507008;143050240
1217;30561304;144471287
1218;30615648;144074784
1219;30670040;144982984
1220;30724480;144962840
1221;30778968;145791063
1222;30833504;145264028
1223;30888088;145883109
1224;30942720;145876320
1225;30997400;147347900
1226;31052128;146901772
1227;31106904;147016686
1228;31161728;146542152
1229;31216600;147998638
1230;31271520;147860760
1231;31326488;148976851
1232;31381504;148330336
1233;31436568;149656608
1234;31491680;148993160
1235;31546840;149455995
1236;31602048;150248160
1237;31657304;150873179
1238;31712608;150575464
1239;31767960;150975867
1240;31823360;150793920
1241;31878808;152363775
1242;31934304;151916472
1243;31989848;152524801
1244;32045440;152317848
1245;32101080;153148695
1246;32156768;152654936
1247;32212504;153727666
1248;32268288;153528960
1249;32324120;155413070
1250;32380000;154310000
1251;32435928;155159028
1252;32491904;154759720
1253;32547928;155737876
1254;32604000;155804484
1255;32660120;156517325
1256;32716288;156279056
1257;32772504;157469418
1258;32828768;156683900
1259;32885080;157324640
1260;32941440;157580640
1261;32997848;159251690
1262;33054304;158047832
1263;33110808;158578491
1264;33167360;158520768
1265;33223960;159990875
1266;33280608;160088232
1267;33337304;160291971
1268;33394048;160343672
1269;33450840;160978995
1270;33507680;160977580
1271;33564568;161885999
1272;33621504;161612688
1273;33678488;162900718
1274;33735520;162549660
1275;33792600;163433325
1276;33849728;162825256
1277;33906904;163844208
1278;33964128;163451088
1279;34021400;164345105
1280;34078720;164096000
1281;34136088;165626895
1282;34193504;164662644
1283;34250968;165603225
1284;34308480;165707904
1285;34366040;167011450
1286;34423648;166349244
1287;34481304;166976667
1288;34539008;167277712
1289;34596760;168282817
1290;34654560;167767080
1291;34712408;168915731
1292;34770304;168236488
1293;34828248;169163190
1294;34886240;168587496
1295;34944280;169476650
1296;35002368;169757856
1297;35060504;171638495
1298;35118688;170588352
1299;35176920;171397854
1300;35235200;170898000
1301;35293528;172729867
1302;35351904;171968160
1303;35410328;173000613
1304;35468800;172740880
1305;35527320;173839050
1306;35585888;173316648
1307;35644504;174074102
1308;35703168;174016320
1309;35761880;175430871
1310;35820640;175343500
1311;35879448;175486527
1312;35938304;174928960
1313;35997208;176857161
1314;36056160;176688324
1315;36115160;177360625
1316;36174208;177004632
1317;36233304;178179564
1318;36292448;177310540
1319;36351640;177966075
1320;36410880;178202640
1321;36470168;180360093
1322;36529504;179561972
1323;36588888;179721612
1324;36648320;180064000
1325;36707800;180663750
1326;36767328;180964524
1327;36826904;181484501
1328;36886528;181253408
1329;36946200;182667063
1330;37005920;181457220
1331;37065688;183378525
1332;37125504;182934216
1333;37185368;184415218
1334;37245280;183558400
1335;37305240;184236675
1336;37365248;183780160
1337;37425304;185621058
1338;37485408;185018640
1339;37545560;185738046
1340;37605760;186152800
1341;37666008;186970266
1342;37726304;186046828
1343;37786648;187113475
1344;37847040;187117056
1345;37907480;189081445
1346;37967968;187931212
1347;38028504;188356398
1348;38089088;188533976
1349;38149720;189565527
1350;38210400;189966600
1351;38271128;191077334
1352;38331904;190399456
1353;38392728;191556387
1354;38453600;190851716
1355;38514520;191560415
1356;38575488;191505168
1357;38636504;193234086
1358;38697568;192757236
1359;38758680;193266108
1360;38819840;192856160
1361;38881048;194900644
1362;38942304;194223924
1363;39003608;194760433
1364;39064960;194708272
1365;39126360;196094535
1366;39187808;195960896
1367;39249304;195832319
1368;39310848;196141104
1369;39372440;197969721
1370;39434080;197378640
1371;39495768;198075225
1372;39557504;197214024
1373;39619288;198884542
1374;39681120;198449568
1375;39743000;199303500
1376;39804928;199619072
1377;39866904;200829942
1378;39928928;200140720
1379;39991000;201445699
1380;40053120;201463440
1381;40115288;202783278
1382;40177504;201619980
1383;40239768;202136514
1384;40302080;201435664
1385;40364440;203629625
1386;40426848;203642208
1387;40489304;204721200
1388;40551808;204305272
1389;40614360;205151133
1390;40676960;204457880
1391;40739608;205737246
1392;40802304;205876800
1393;40865048;207676798
1394;40927840;206445824
1395;40990680;206840835
1396;41053568;206887200
1397;41116504;208070577
1398;41179488;208218120
1399;41242520;208733598
1400;41305600;208518800
1401;41368728;210596919
1402;41431904;208844724
1403;41495128;210200266
1404;41558400;210751632
1405;41621720;211949870
1406;41685088;210722844
1407;41748504;211728174
1408;41811968;211813888
1409;41875480;213421230
1410;41939040;212611080
1411;42002648;213944286
1412;42066304;213483104
1413;42130008;214192431
1414;42193760;214034352
1415;42257560;215203105
1416;42321408;214996944
1417;42385304;217030554
1418;42449248;216520092
1419;42513240;216467031
1420;42577280;216907840
1421;42641368;218249969
1422;42705504;217921500
1423;42769688;218039175
1424;42833920;218054272
1425;42898200;220010025
1426;42962528;219421472
1427;43026904;220224629
1428;43091328;220254720
1429;43155800;221812238
1430;43220320;221283920
1431;43284888;222466122
1432;43349504;221029200
1433;43414168;222870191
1434;43478880;222370380
1435;43543640;223702150
1436;43608448;223407136
1437;43673304;224380365
1438;43738208;223655016
1439;43803160;224619266
1440;43868160;224899200
1441;43933208;227127538
1442;43998304;226342088
1443;44063448;227133972
1444;44128640;226627136
1445;44193880;228002215
1446;44259168;227849112
1447;44324504;228698350
1448;44389888;228207696
1449;44455320;229944708
1450;44520800;229842400
1451;44586328;230563900
1452;44651904;229866120
1453;44717528;231959826
1454;44783200;231258700
1455;44848920;231429390
1456;44914688;231241920
1457;44980504;233860156
1458;45046368;232539336
1459;45112280;233819340
1460;45178240;233518240
1461;45244248;235069056
1462;45310304;233645144
1463;45376408;235051432
1464;45442560;235988016
1465;45508760;237209870
1466;45575008;236067048
1467;45641304;236949840
1468;45707648;236946944
1469;45774040;238139590
1470;45840480;238345800
1471;45906968;239341997
1472;45973504;238472832
1473;46040088;240424533
1474;46106720;239017944
1475;46173400;240200800
1476;46240128;240753312
1477;46306904;242213230
1478;46373728;241336708
1479;46440600;241665642
1480;46507520;241840880
1481;46574488;243928105
1482;46641504;243077640
1483;46708568;244198195
1484;46775680;243604536
1485;46842840;245442285
1486;46910048;244958184
1487;46977304;245542362
1488;47044608;245097408
1489;47111960;247835116
1490;47179360;246839360
1491;47246808;247674483
1492;47314304;246914064
1493;47381848;248715884
1494;47449440;248314752
1495;47517080;249250885
1496;47584768;249269504
1497;47652504;250308879
1498;47720288;249315136
1499;47788120;250665778
1500;47856000;250863000
1501;47923928;253173670
1502;47991904;251981528
1503;48059928;252107208
1504;48128000;252067392
1505;48196120;254266740
1506;48264288;253995936
1507;48332504;254762871
1508;48400768;254845968
1509;48469080;255890184
1510;48537440;254640360
1511;48605848;256351727
1512;48674304;255863664
1513;48742808;258800163
1514;48811360;257634352
1515;48879960;258281745
1516;48948608;257337968
1517;49017304;259126355
1518;49086048;259447452
1519;49154840;260169763
1520;49223680;259941280
1521;49292568;261593748
1522;49361504;260852536
1523;49430488;261506715
1524;49499520;261637272
1525;49568600;263378175
1526;49637728;262713108
1527;49706904;263967909
1528;49776128;262959632
1529;49845400;265159180
1530;49914720;264904200
1531;49984088;266064835
1532;50053504;265256608
1533;50122968;266384811
1534;50192480;265725616
1535;50262040;267040880
1536;50331648;267110400
1537;50401304;269356176
1538;50471008;267815016
1539;50540760;268517025
1540;50610560;268834720
1541;50680408;271553479
1542;50750304;270315684
1543;50820248;271043380
1544;50890240;270947296
1545;50960280;272658510
1546;51030368;271047812
1547;51100504;272697425
1548;51170688;273475872
1549;51240920;274595877
1550;51311200;273451000
1551;51381528;274765854
1552;51451904;273986976
1553;51522328;276437106
1554;51592800;275906484
1555;51663320;277133655
1556;51733888;276622568
1557;51804504;277919829
1558;51875168;277327116
1559;51945880;278364127
1560;52016640;278279040
1561;52087448;281243809
1562;52158304;279738580
1563;52229208;280325613
1564;52300160;279780832
1565;52371160;281645225
1566;52442208;281206620
1567;52513304;282404740
1568;52584448;282048704
1569;52655640;284751534
1570;52726880;283061580
1571;52798168;284531665
1572;52869504;284437680
1573;52940888;286391391
1574;53012320;286036724
1575;53083800;285451425
1576;53155328;286261488
1577;53226904;287520217
1578;53298528;287909256
1579;53370200;288199080
1580;53441920;287490480
1581;53513688;289835244
1582;53585504;288746640
1583;53657368;290279459
1584;53729280;290334528
1585;53801240;292438840
1586;53873248;290396600
1587;53945304;292301595
1588;54017408;291337656
1589;54089560;293294442
1590;54161760;293456760
1591;54234008;294382730
1592;54306304;294036032
1593;54378648;295706997
1594;54451040;294756104
1595;54523480;295728950
1596;54595968;296310168
1597;54668504;298337167
1598;54741088;296949948
1599;54813720;298063194
1600;54886400;297459200
1601;54959128;300184298
1602;55031904;298680084
1603;55104728;300120072
1604;55177600;300108400
1605;55250520;301022565
1606;55323488;299942984
1607;55396504;301997082
1608;55469568;301618992
1609;55542680;304031813
1610;55615840;302783040
1611;55689048;304775424
1612;55762304;303536376
1613;55835608;305555429
1614;55908960;305081508
1615;55982360;305433645
1616;56055808;305840928
1617;56129304;307831524
1618;56202848;307164356
1619;56276440;307546859
1620;56350080;308030040
1621;56423768;310693828
1622;56497504;308806092
1623;56571288;309446049
1624;56645120;308891296
1625;56719000;311678250
1626;56792928;311248920
1627;56866904;311759232
1628;56940928;311931312
1629;57015000;313160589
1630;57089120;312226500
1631;57163288;313975655
1632;57237504;313605120
1633;57311768;316519491
1634;57386080;315728016
1635;57460440;316114170
1636;57534848;315231024
1637;57609304;317253874
1638;57683808;317123352
1639;57758360;319157553
1640;57832960;318691360
1641;57907608;319942488
1642;57982304;319148972
1643;58057048;320012039
1644;58131840;320468208
1645;58206680;322030135
1646;58281568;321852256
1647;58356504;321818859
1648;58431488;321854400
1649;58506520;324073023
1650;58581600;323697000
1651;58656728;325192517
1652;58731904;324429672
1653;58807128;325634388
1654;58882400;324627272
1655;58957720;326119405
1656;59033088;326026656
1657;59108504;328205304
1658;59183968;327007340
1659;59259480;328160154
1660;59335040;328032600
1661;59410648;329939379
1662;59486304;329641080
1663;59562008;330682561
1664;59637760;330294016
1665;59713560;332210790
1666;59789408;330687672
1667;59865304;332804881
1668;59941248;332308968
1669;60017240;334651190
1670;60093280;333545760
1671;60169368;334604382
1672;60245504;333714480
1673;60321688;336281365
1674;60397920;336092328
1675;60474200;337050200
1676;60550528;337140808
1677;60626904;338041275
1678;60703328;337848520
1679;60779800;338202649
1680;60856320;339027360
1681;60932888;342137292
1682;61009504;340652096
1683;61086168;341033022
1684;61162880;341252496
1685;61239640;342572295
1686;61316448;342069168
1687;61393304;343264012
1688;61470208;343443856
1689;61547160;344907312
1690;61624160;343698680
1691;61701208;345819646
1692;61778304;345343968
1693;61855448;347721884
1694;61932640;346284092
1695;62009880;347939430
1696;62087168;346560640
1697;62164504;349724548
1698;62241888;349475568
1699;62319320;349869973
1700;62396800;350278200
1701;62474328;351765099
1702;62551904;351228124
1703;62629528;352054378
1704;62707200;352376976
1705;62784920;354305820
1706;62862688;353936996
1707;62940504;353874756
1708;63018368;353323712
1709;63096280;355818927
1710;63174240;355594500
1711;63252248;357467253
1712;63330304;356568512
1713;63408408;358325340
1714;63486560;356775956
1715;63564760;358435000
1716;63643008;359014656
1717;63721304;361435368
1718;63799648;360103108
1719;63878040;360489771
1720;63956480;359937520
1721;64034968;362721402
1722;64113504;361664772
1723;64192088;363654657
1724;64270720;362933032
1725;64349400;364188900
1726;64428128;364041016
1727;64506904;365236322
1728;64585728;365810688
1729;64664600;368282187
1730;64743520;367742640
1731;64822488;367622856
1732;64901504;367170144
1733;64980568;369139398
1734;65059680;369248364
1735;65138840;369974870
1736;65218048;369691616
1737;65297304;372327687
1738;65376608;370402560
1739;65455960;372389460
1740;65535360;372711480
1741;65614808;375338708
1742;65694304;373456928
1743;65773848;374124492
1744;65853440;374377504
1745;65933080;376071930
1746;66012768;375704280
1747;66092504;377098685
1748;66172288;376501720
1749;66252120;378347178
1750;66332000;377909000
1751;66411928;379905715
1752;66491904;378596688
1753;66571928;381487860
1754;66652000;380565380
1755;66732120;380617380
1756;66812288;381357544
1757;66892504;382368882
1758;66972768;382653312
1759;67053080;382818206
1760;67133440;383525120
1761;67213848;385930194
1762;67294304;384105428
1763;67374808;385531077
1764;67455360;386852256
1765;67535960;388677710
1766;67616608;386898812
1767;67697304;387718674
1768;67778048;388129040
1769;67858840;390129953
1770;67939680;390047820
1771;68020568;391369748
1772;68101504;391541120
1773;68182488;392029803
1774;68263520;391472128
1775;68344600;392665500
1776;68425728;392716224
1777;68506904;395705914
1778;68588128;394175488
1779;68669400;395686959
1780;68750720;394376800
1781;68832088;396539650
1782;68913504;397050984
1783;68994968;398099325
1784;69076480;397443088
1785;69158040;399454440
1786;69239648;398835232
1787;69321304;399428453
1788;69403008;400039968
1789;69484760;402109952
1790;69566560;401056660
1791;69648408;402389343
1792;69730304;401261056
1793;69812248;404595829
1794;69894240;404033916
1795;69976280;404892765
1796;70058368;404351440
1797;70140504;405654780
1798;70222688;404607536
1799;70304920;406577598
1800;70387200;407131200
1801;70469528;410365054
1802;70551904;408311576
1803;70634328;409015959
1804;70716800;407855536
1805;70799320;411132070
1806;70881888;410951688
1807;70964504;412415224
1808;71047168;412542208
1809;71129880;413957088
1810;71212640;412846520
1811;71295448;414586797
1812;71378304;414516744
1813;71461208;416835895
1814;71544160;416207788
1815;71627160;416001630
1816;71710208;416753840
1817;71793304;418545950
1818;71876448;418583592
1819;71959640;419057582
1820;72042880;419742960
1821;72126168;421922058
1822;72209504;419304148
1823;72292888;420635374
1824;72376320;421314816
1825;72459800;424600850
1826;72543328;423478616
1827;72626904;424519893
1828;72710528;424724832
1829;72794200;426242963
1830;72877920;426474180
1831;72961688;427128356
1832;73045504;427002560
1833;73129368;428219961
1834;73213280;428338036
1835;73297240;429230355
1836;73381248;429275160
1837;73465304;431823590
1838;73549408;430952184
1839;73633560;431447790
1840;73717760;430869120
1841;73802008;433931064
1842;73886304;433102092
1843;73970648;434328752
1844;74055040;434110792
1845;74139480;435562065
1846;74223968;435264648
1847;74308504;436316810
1848;74393088;436656528
1849;74477720;440012077
1850;74562400;438734900
1851;74647128;440104866
1852;74731904;438668424
1853;74816728;440434011
1854;74901600;440877492
1855;74986520;441775670
1856;75071488;442036096
1857;75156504;444088551
1858;75241568;442111100
1859;75326680;443845545
1860;75411840;445540680
1861;75497048;447639357
1862;75582304;446097960
1863;75667608;447798132
1864;75752960;447345088
1865;75838360;448674240
1866;75923808;448410996
1867;76009304;450059020
1868;76094848;449978784
1869;76180440;450359847
1870;76266080;450954240
1871;76351768;452329218
1872;76437504;452409984
1873;76523288;455004144
1874;76609120;453777856
1875;76695000;454168125
1876;76780928;454014512
1877;76866904;457073901
1878;76952928;455861964
1879;77039000;456875092
1880;77125120;456633200
1881;77211288;459383463
1882;77297504;459087552
1883;77383768;459231689
1884;77470080;460494816
1885;77556440;461696820
1886;77642848;461858768
1887;77729304;460962021
1888;77815808;461563136
1889;77902360;464429540
1890;77988960;463892940
1891;78075608;466816042
1892;78162304;465768776
1893;78249048;467014458
1894;78335840;465325496
1895;78422680;467439650
1896;78509568;467106144
1897;78596504;470713992
1898;78683488;469819532
1899;78770520;470283552
1900;78857600;469167000
1901;78944728;472672244
1902;79031904;472099224
1903;79119128;472248480
1904;79206400;473479104
1905;79293720;475129860
1906;79381088;473168312
1907;79468504;475035607
1908;79555968;475996392
1909;79643480;477690979
1910;79731040;477446520
1911;79818648;478661547
1912;79906304;478428288
1913;79994008;479254325
1914;80081760;480322128
1915;80169560;481591860
1916;80257408;480256896
1917;80345304;481828365
1918;80433248;481671176
1919;80521240;483695464
1920;80609280;483479040
1921;80697368;486877450
1922;80785504;484997480
1923;80873688;485676726
1924;80961920;485598360
1925;81050200;487271400
1926;81138528;488834208
1927;81226904;489207490
1928;81315328;488740288
1929;81403800;490741458
1930;81492320;489579240
1931;81580888;491559222
1932;81669504;491353968
1933;81758168;494594777
1934;81846880;493030752
1935;81935640;493121205
1936;82024448;493323776
1937;82113304;496433730
1938;82202208;496438080
1939;82291160;497120820
1940;82380160;497373320
1941;82469208;499293135
1942;82558304;497917148
1943;82647448;498937141
1944;82736640;499817952
1945;82825880;503076195
1946;82915168;501207868
1947;83004504;502386357
1948;83093888;502233360
1949;83183320;503613804
1950;83272800;503766900
1951;83362328;506054282
1952;83451904;505076096
1953;83541528;507735081
1954;83631200;506914496
1955;83720920;507527775
1956;83810688;508610856
1957;83900504;510953130
1958;83990368;509972848
1959;84080280;510431163
1960;84170240;509258960
1961;84260248;513838869
1962;84350304;512909964
1963;84440408;513412835
1964;84530560;514159488
1965;84620760;514963620
1966;84711008;513790508
1967;84801304;515338264
1968;84891648;515804928
1969;84982040;519457642
1970;85072480;518137580
1971;85162968;519143661
1972;85253504;518525568
1973;85344088;520242613
1974;85434720;520879380
1975;85525400;522533650
1976;85616128;522201472
1977;85706904;523266429
1978;85797728;521839916
1979;85888600;523928376
1980;85979520;524763360
1981;86070488;528425807
1982;86161504;526145684
1983;86252568;526857321
1984;86343680;526787712
1985;86434840;530042640
1986;86526048;528589788
1987;86617304;530395871
1988;86708608;531006728
1989;86799960;532427454
1990;86891360;532416540
1991;86982808;533124097
1992;87074304;533983488
1993;87165848;536061196
1994;87257440;534810740
1995;87349080;535330320
1996;87440768;535598656
1997;87532504;537077174
1998;87624288;537450012
1999;87716120;539016357
2000;87808000;538560000
2001;87899928;540698214
2002;87991904;539819280
2003;88083928;543103435
2004;88176000;541621080
2005;88268120;544076800
2006;88360288;543429412
2007;88452504;543979287
2008;88544768;543019424
2009;88637080;545752886
2010;88729440;547013460
2011;88821848;547571168
2012;88914304;547404840
2013;89006808;548073471
2014;89099360;548158436
2015;89191960;549389750
2016;89284608;550759104
2017;89377304;553866183
2018;89470048;551571868
2019;89562840;552644718
2020;89655680;552304360
2021;89748568;555643635
2022;89841504;555152232
2023;89934488;555469271
2024;90027520;556575712
2025;90120600;557403525
2026;90213728;557526836
2027;90306904;558093910
2028;90400128;558681552
2029;90493400;562110102
2030;90586720;560629160
2031;90680088;562676364
2032;90773504;559954176
2033;90866968;563511006
2034;90960480;563316300
2035;91054040;564364515
2036;91147648;565177312
2037;91241304;566459145
2038;91335008;565703964
2039;91428760;566477019
2040;91522560;567503520
2041;91616408;571071800
2042;91710304;569387196
2043;91804248;570064419
2044;91898240;569323496
2045;91992280;571896520
2046;92086368;571537824
2047;92180504;573366747
2048;92274688;574521344
2049;92373018;575783343
2050;92471400;573680200
2051;92569834;576755557
2052;92668320;576607896
2053;92766858;579379183
2054;92865448;578028464
2055;92964090;579470955
2056;93062784;577382368
2057;93161530;581125127
2058;93260328;581504364
2059;93359178;583287933
2060;93458080;582436160
2061;93557034;584134803
2062;93656040;583071740
2063;93755098;584220970
2064;93854208;585705408
2065;93953370;588743890
2066;94052584;587305952
2067;94151850;588005691
2068;94251168;588395632
2069;94350538;589733277
2070;94449960;590417820
2071;94549434;592730555
2072;94648960;591709328
2073;94748538;594092778
2074;94848168;592417360
2075;94947850;593667875
2076;95047584;594392016
2077;95147370;597463589
2078;95247208;595779224
2079;95347098;596007720
2080;95447040;597638080
2081;95547034;601269573
2082;95647080;599474424
2083;95747178;600445580
2084;95847328;600717168
2085;95947530;602296035
2086;96047784;600901504
2087;96148090;603366309
2088;96248448;603979056
2089;96348858;607149049
2090;96449320;605598400
2091;96549834;607429227
2092;96650400;606211392
2093;96751018;608897653
2094;96851688;609885876
2095;96952410;609339130
2096;97053184;609043104
2097;97154010;612078651
2098;97254888;610681644
2099;97355818;611944559
2100;97456800;613179000
2101;97557834;617645677
2102;97658920;615650576
2103;97760058;614946642
2104;97861248;614965536
2105;97962490;617305985
2106;98063784;617891976
2107;98165130;620305014
2108;98266528;620085064
2109;98367978;620655501
2110;98469480;620036160
2111;98571034;622772443
2112;98672640;622427520
2113;98774298;626041753
2114;98876008;624670088
2115;98977770;625894065
2116;99079584;624964832
2117;99181450;627461864
2118;99283368;628236924
2119;99385338;628503876
2120;99487360;629830800
2121;99589434;631918014
2122;99691560;629890236
2123;99793738;631471489
2124;99895968;632811816
2125;99998250;635298500
2126;100100584;633951940
2127;100202970;634501116
2128;100305408;634101440
2129;100407898;637652532
2130;100510440;637266180
2131;100613034;639295738
2132;100715680;638431664
2133;100818378;640128231
2134;100921128;639397616
2135;101023930;641623010
2136;101126784;641517696
2137;101229690;644626050
2138;101332648;643341304
2139;101435658;643528845
2140;101538720;644679280
2141;101641834;646395733
2142;101745000;646502724
2143;101848218;648962547
2144;101951488;648041152
2145;102054810;650376870
2146;102158184;650229416
2147;102261610;651262392
2148;102365088;651673128
2149;102468618;654632678
2150;102572200;653161400
2151;102675834;654828930
2152;102779520;652520832
2153;102883258;656100914
2154;102987048;656539200
2155;103090890;657162940
2156;103194784;657692112
2157;103298730;660648117
2158;103402728;658237476
2159;103506778;659928576
2160;103610880;660666240
2161;103715034;665512365
2162;103819240;663132964
2163;103923498;663909057
2164;104027808;663317936
2165;104132170;665821935
2166;104236584;665949696
2167;104341050;667236636
2168;104445568;667158640
2169;104550138;669416301
2170;104654760;668494540
2171;104759434;672202388
2172;104864160;671634528
2173;104968938;673940739
2174;105073768;673726948
2175;105178650;672921075
2176;105283584;673280512
2177;105388570;676539759
2178;105493608;675532836
2179;105598698;678337953
2180;105703840;676580440
2181;105809034;679861320
2182;105914280;677380080
2183;106019578;679198973
2184;106124928;680857632
2185;106230330;684680675
2186;106335784;682604732
2187;106441290;682997913
2188;106546848;683251136
2189;106652458;686047923
2190;106758120;686148900
2191;106863834;687060353
2192;106969600;687617248
2193;107075418;689722623
2194;107181288;688262188
2195;107287210;689278290
2196;107393184;690567336
2197;107499210;694594732
2198;107605288;693385476
2199;107711418;694138539
2200;107817600;692150800
2201;107923834;697543121
2202;108030120;696144684
2203;108136458;697456582
2204;108242848;697596856
2205;108349290;698451390
2206;108455784;698679908
2207;108562330;699795560
2208;108668928;700527744
2209;108775578;705028858
2210;108882280;703504880
2211;108989034;705269202
2212;109095840;703747800
2213;109202698;706066502
2214;109309608;706049028
2215;109416570;708117780
2216;109523584;707373792
2217;109630650;709861230
2218;109737768;708384840
2219;109844938;710352937
2220;109952160;711141480
2221;110059434;714535678
2222;110166760;713501976
2223;110274138;713651913
2224;110381568;714402176
2225;110489050;717328875
2226;110596584;716104200
2227;110704170;718893416
2228;110811808;718521088
2229;110919498;719146728
2230;111027240;717988640
2231;111135034;720579535
2232;111242880;721601136
2233;111350778;725512865
2234;111458728;724213652
2235;111566730;724075185
2236;111674784;722719920
2237;111782890;726810248
2238;111891048;727059060
2239;111999258;727079426
2240;112107520;728067200
2241;112215834;731731320
2242;112324200;728887652
2243;112432618;730890522
2244;112541088;732360816
2245;112649610;736074885
2246;112758184;733925420
2247;112866810;734634180
2248;112975488;734079904
2249;113084218;737512321
2250;113193000;737617500
2251;113301834;739739377
2252;113410720;739264040
2253;113519658;740047416
2254;113628648;739528384
2255;113737690;741865685
2256;113846784;742436064
2257;113955930;745967841
2258;114065128;744570984
2259;114174378;744839739
2260;114283680;744963800
2261;114393034;748343519
2262;114502440;748654140
2263;114611898;749691166
2264;114721408;749651152
2265;114830970;750897330
2266;114940584;748468864
2267;115050250;752059114
2268;115159968;752191272
2269;115269738;757076809
2270;115379560;754452660
2271;115489434;755598036
2272;115599360;753754176
2273;115709338;759363840
2274;115819368;758674620
2275;115929450;759304000
2276;116039584;761631536
2277;116149770;761144175
2278;116260008;761913548
2279;116370298;762542005
2280;116480640;763777200
2281;116591034;767884964
2282;116701480;765501464
2283;116811978;767622222
2284;116922528;764952712
2285;117033130;767954225
2286;117143784;768576060
2287;117254490;770405681
2288;117365248;769568800
2289;117476058;773524059
2290;117586920;772604780
2291;117697834;774305307
2292;117808800;775241496
2293;117919818;777198592
2294;118030888;776225368
2295;118142010;777231585
2296;118253184;777012320
2297;118364410;780433314
2298;118475688;780327264
2299;118587018;780903629
2300;118698400;781535400
2301;118809834;783460587
2302;118921320;782606336
2303;119032858;783411510
2304;119144448;785295360
2305;119256090;789308065
2306;119367784;785769500
2307;119479530;787658247
2308;119591328;786695648
2309;119703178;789945844
2310;119815080;790384980
2311;119927034;794579575
2312;120039040;791466960
2313;120151098;794786121
2314;120263208;792503348
2315;120375370;795771990
2316;120487584;794990160
2317;120599850;799429876
2318;120712168;797201924
2319;120824538;798385320
2320;120936960;797796960
2321;121049434;803284174
2322;121161960;802905804
2323;121274538;803356121
2324;121387168;803973856
2325;121499850;805858950
2326;121612584;804247064
2327;121725370;805181559
2328;121838208;807359712
2329;121951098;811088224
2330;122064040;809409380
2331;122177034;810507348
2332;122290080;810318696
2333;122403178;812544239
2334;122516328;812880852
2335;122629530;813499990
2336;122742784;814030592
2337;122856090;817639179
2338;122969448;815807692
2339;123082858;818357625
2340;123196320;819856440
2341;123309834;824071797
2342;123423400;820248028
2343;123537018;821005944
2344;123650688;821196960
2345;123764410;824398820
2346;123878184;824248332
2347;123992010;825451635
2348;124105888;825345480
2349;124219818;827233236
2350;124333800;826269400
2351;124447834;829324654
2352;124561920;828285024
2353;124676058;834771457
2354;124790248;832656880
2355;124904490;832443045
2356;125018784;830310944
2357;125133130;835422151
2358;125247528;835264908
2359;125361978;836645299
2360;125476480;836553920
2361;125591034;840338925
2362;125705640;836785740
2363;125820298;840093760
2364;125935008;841186848
2365;126049770;844193845
2366;126164584;843280256
2367;126279450;845291205
2368;126394368;842562816
2369;126509338;848355483
2370;126624360;847568880
2371;126739434;848931808
2372;126854560;849071632
2373;126969738;850105893
2374;127084968;849379216
2375;127200250;850646625
2376;127315584;853150320
2377;127430970;857531274
2378;127546408;854082480
2379;127661898;856237785
2380;127777440;856252600
2381;127893034;859988628
2382;128008680;857634336
2383;128124378;859614824
2384;128240128;860008928
2385;128355930;862888230
2386;128471784;860133912
2387;128587690;863764594
2388;128703648;864632712
2389;128819658;867400509
2390;128935720;866011720
2391;129051834;867392634
2392;129168000;865382544
2393;129284218;870013438
2394;129400488;869979600
2395;129516810;873032585
2396;129633184;870370960
2397;129749610;873032943
2398;129866088;872670568
2399;129982618;874948886
2400;130099200;875044800
2401;130215834;881459922
2402;130332520;878060708
2403;130449258;878452695
2404;130566048;878585072
2405;130682890;881425285
2406;130799784;883194480
2407;130916730;883053683
2408;131033728;883981616
2409;131150778;886752900
2410;131267880;885279760
2411;131385034;886001513
2412;131502240;887480928
2413;131619498;892107817
2414;131736808;889076200
2415;131854170;889106400
2416;131971584;889817632
2417;132089050;894215073
2418;132206568;892865844
2419;132324138;894969525
2420;132441760;894238400
2421;132559434;898856775
2422;132677160;895534500
2423;132794938;899490290
2424;132912768;899497920
2425;133030650;903237325
2426;133148584;901390004
2427;133266570;901878054
2428;133384608;900860840
2429;133502698;904003359
2430;133620840;905772780
2431;133739034;907220028
2432;133857280;908638976
2433;133975578;910080681
2434;134093928;907375728
2435;134212330;909708695
2436;134330784;909967800
2437;134449290;915337200
2438;134567848;913196784
2439;134686458;914020128
2440;134805120;912638080
2441;134923834;917647571
2442;135042600;917327532
2443;135161418;918890476
2444;135280288;918846240
2445;135399210;921288225
2446;135518184;918350700
2447;135637210;921515730
2448;135756288;922509216
2449;135875418;928075489
2450;135994600;924904400
2451;136113834;927813795
2452;136233120;925821256
2453;136352458;928646928
2454;136471848;930488088
2455;136591290;929858255
2456;136710784;929812128
2457;136830330;933534693
2458;136949928;933853192
2459;137069578;933124107
2460;137189280;935287080
2461;137309034;939850978
2462;137428840;937381880
2463;137548698;937225686
2464;137668608;935782848
2465;137788570;942985750
2466;137908584;941523732
2467;138028650;943676840
2468;138148768;943096840
2469;138268938;944414721
2470;138389160;943189260
2471;138509434;947954672
2472;138629760;947616480
2473;138750138;951496642
2474;138870568;950535540
2475;138991050;950211900
2476;139111584;950437360
2477;139232170;952896946
2478;139352808;953450148
2479;139473498;955721433
2480;139594240;955231520
2481;139715034;960092418
2482;139835880;955376404
2483;139956778;958830314
2484;140077728;960771456
2485;140198730;963876830
2486;140319784;961699156
2487;140440890;962755005
2488;140562048;960815840
2489;140683258;966466255
2490;140804520;966035340
2491;140925834;968074839
2492;141047200;968431072
2493;141168618;970043751
2494;141290088;968460104
2495;141411610;970540030
2496;141533184;969705984
2497;141654810;977717829
2498;141776488;974814524
2499;141898218;974954862
2500;142020000;975915000
2501;142141834;979296562
2502;142263720;978567228
2503;142385658;980400070
2504;142507648;979835232
2505;142629690;983052180
2506;142751784;979810916
2507;142873930;984757121
2508;142996128;984896616
2509;143118378;989263574
2510;143240680;987393840
2511;143363034;988532991
2512;143485440;987502368
2513;143607898;991566975
2514;143730408;991461264
2515;143852970;991523660
2516;143975584;992068864
2517;144098250;995176494
2518;144220968;992897760
2519;144343738;995125912
2520;144466560;996337440
2521;144589434;1003665562
2522;144712360;999655228
2523;144835338;1000273626
2524;144958368;999761448
2525;145081450;1002621950
2526;145204584;1003973856
2527;145327770;1004624012
2528;145451008;1005092352
2529;145574298;1008575316
2530;145697640;1007096860
2531;145821034;1011187651
2532;145944480;1009842624
2533;146067978;1013372244
2534;146191528;1012647216
2535;146315130;1013343435
2536;146438784;1011970512
2537;146562490;1015774208
2538;146686248;1017159336
2539;146810058;1018560474
2540;146933920;1017838960
2541;147057834;1021619214
2542;147181800;1019067464
2543;147305818;1021594304
2544;147429888;1022952576
2545;147554010;1027350330
2546;147678184;1024418744
2547;147802410;1026132813
2548;147926688;1025447696
2549;148051018;1030792659
2550;148175400;1028098800
2551;148299834;1031445830
2552;148424320;1030895712
2553;148548858;1034235618
2554;148673448;1032623064
2555;148798090;1033305875
2556;148922784;1034980632
2557;149047530;1039346347
2558;149172328;1037391784
2559;149297178;1038089058
2560;149422080;1037004800
2561;149547034;1044360434
2562;149672040;1041980772
2563;149797098;1044194393
2564;149922208;1044106952
2565;150047370;1045965960
2566;150172584;1044977840
2567;150297850;1046935548
2568;150423168;1047677232
2569;150548538;1053210361
2570;150673960;1051083740
2571;150799434;1052497983
2572;150924960;1049797808
2573;151050538;1054477152
2574;151176168;1055072304
2575;151301850;1058628850
2576;151427584;1057020384
2577;151553370;1061136444
2578;151679208;1055773496
2579;151805098;1059901946
2580;151931040;1061442960
2581;152057034;1066582764
2582;152183080;1064563764
2583;152309178;1064591199
2584;152435328;1064328928
2585;152561530;1068023770
2586;152687784;1067992140
2587;152814090;1068547415
2588;152940448;1070764296
2589;153066858;1071871890
2590;153193320;1070364120
2591;153319834;1074832303
2592;153446400;1072854720
2593;153573018;1081809972
2594;153699688;1077251884
2595;153826410;1078417125
2596;153953184;1076576776
2597;154080010;1083013925
2598;154206888;1082129352
2599;154333818;1083141047
2600;154460800;1084397600
2601;154587834;1088843625
2602;154714920;1085247364
2603;154842058;1086630159
2604;154969248;1089081336
2605;155096490;1093039765
2606;155223784;1089818776
2607;155351130;1091120745
2608;155478528;1090310912
2609;155605978;1096849690
2610;155733480;1095114240
2611;155861034;1098620026
2612;155988640;1097504936
2613;156116298;1099310004
2614;156244008;1098533500
2615;156371770;1100334470
2616;156499584;1100671536
2617;156627450;1107095680
2618;156755368;1104010600
2619;156883338;1107205821
2620;157011360;1104261880
2621;157139434;1109644907
2622;157267560;1108812336
2623;157395738;1109534246
2624;157523968;1110146176
2625;157652250;1115422875
2626;157780584;1110671952
2627;157908970;1115287596
2628;158037408;1116884232
2629;158165898;1120464026
2630;158294440;1119159680
2631;158423034;1119711504
2632;158551680;1116878672
2633;158680378;1124493741
2634;158809128;1122716160
2635;158937930;1123893375
2636;159066784;1125376936
2637;159195690;1125972630
2638;159324648;1125154484
2639;159453658;1127066759
2640;159582720;1130664480
2641;159711834;1136477761
2642;159841000;1132836760
2643;159970218;1133062029
2644;160099488;1131367600
2645;160228810;1135546110
2646;160358184;1135673784
2647;160487610;1139226448
2648;160617088;1138015072
2649;160746618;1141160061
2650;160876200;1137994800
2651;161005834;1143299421
2652;161135520;1143786384
2653;161265258;1147231484
2654;161395048;1144967448
2655;161524890;1145398860
2656;161654784;1144279168
2657;161784730;1151937036
2658;161914728;1149643476
2659;162044778;1151703306
2660;162174880;1153227040
2661;162305034;1156803225
2662;162435240;1152640676
2663;162565498;1156703343
2664;162695808;1156740768
2665;162826170;1163091280
2666;162956584;1160877708
2667;163087050;1160323689
2668;163217568;1159982368
2669;163348138;1164191110
2670;163478760;1164162720
2671;163609434;1165776647
2672;163740160;1165793600
2673;163870938;1170004176
2674;164001768;1168024592
2675;164132650;1170213525
2676;164263584;1170305784
2677;164394570;1174592644
2678;164525608;1172465892
2679;164656698;1176445344
2680;164787840;1174204480
2681;164919034;1179841075
2682;165050280;1178540532
2683;165181578;1180769519
2684;165312928;1180305104
2685;165444330;1181910150
2686;165575784;1180916016
2687;165707290;1182328366
2688;165838848;1185682176
2689;165970458;1191439431
2690;166102120;1188129960
2691;166233834;1189212102
2692;166365600;1189557112
2693;166497418;1191442446
2694;166629288;1193188764
2695;166761210;1193246285
2696;166893184;1194716224
2697;167025210;1196780265
2698;167157288;1195586324
2699;167289418;1198188662
2700;167421600;1199453400
2701;167553834;1205529227
2702;167686120;1201768540
2703;167818458;1203705366
2704;167950848;1202447168
2705;168083290;1208245055
2706;168215784;1205782776
2707;168348330;1208889353
2708;168480928;1207405128
2709;168613578;1210373073
2710;168746280;1210172180
2711;168879034;1212603190
2712;169011840;1212367056
2713;169144698;1218204825
2714;169277608;1215931708
2715;169410570;1216816845
2716;169543584;1214665816
2717;169676650;1221177386
2718;169809768;1223159796
2719;169942938;1222296541
2720;170076160;1221590080
2721;170209434;1228651224
2722;170342760;1222765952
2723;170476138;1226749622
2724;170609568;1228153536
2725;170743050;1231893475
2726;170876584;1229933036
2727;171010170;1230716916
2728;171143808;1231233696
2729;171277498;1237033868
2730;171411240;1234970100
2731;171545034;1241490752
2732;171678880;1237361048
2733;171812778;1239032880
2734;171946728;1236555392
2735;172080730;1240027120
2736;172214784;1240765056
2737;172348890;1248715195
2738;172483048;1246118560
2739;172617258;1246050531
2740;172751520;1245565640
2741;172885834;1251096558
2742;173020200;1250681040
2743;173154618;1250193568
2744;173289088;1253354928
2745;173423610;1256251995
2746;173558184;1251429088
2747;173692810;1254634563
2748;173827488;1257512280
2749;173962218;1261103750
2750;174097000;1259373500
2751;174231834;1262780526
2752;174366720;1258984960
2753;174501658;1266294657
2754;174636648;1264488084
2755;174771690;1266702165
2756;174906784;1266861544
2757;175041930;1271274756
2758;175177128;1267041748
2759;175312378;1272288019
2760;175447680;1271973600
2761;175583034;1278155252
2762;175718440;1275430836
2763;175853898;1274292837
2764;175989408;1274248224
2765;176124970;1278677015
2766;176260584;1278633288
2767;176396250;1278666671
2768;176531968;1281428992
2769;176667738;1286028822
2770;176803560;1283739880
2771;176939434;1286370246
2772;177075360;1287000792
2773;177211338;1293759788
2774;177347368;1289976576
2775;177483450;1290241800
2776;177619584;1287891888
2777;177755770;1294651285
2778;177892008;1292225592
2779;178028298;1295139055
2780;178164640;1295819160
2781;178301034;1299644730
2782;178437480;1296445384
2783;178573978;1300448589
2784;178710528;1301130240
2785;178847130;1307788655
2786;178983784;1303257368
2787;179120490;1306283622
2788;179257248;1303495944
2789;179394058;1307438576
2790;179530920;1309570200
2791;179667834;1312236097
2792;179804800;1310955680
2793;179941818;1313799270
2794;180078888;1313414696
2795;180216010;1316688165
2796;180353184;1316351208
2797;180490410;1320779761
2798;180627688;1318367236
2799;180765018;1319112720
2800;180902400;1319197600
2801;181039834;1327237044
2802;181177320;1323580740
2803;181314858;1324882798
2804;181452448;1326028424
2805;181590090;1328414340
2806;181727784;1327165044
2807;181865530;1330489930
2808;182003328;1330845984
2809;182141178;1338305915
2810;182279080;1333699060
2811;182417034;1334682477
2812;182555040;1332421208
2813;182693098;1339196162
2814;182831208;1339306416
2815;182969370;1341057555
2816;183107584;1340500480
2817;183245850;1345585122
2818;183384168;1341198920
2819;183522538;1344454394
2820;183660960;1346127000
2821;183799434;1352835939
2822;183937960;1351325988
2823;184076538;1349919078
2824;184215168;1348584256
2825;184353850;1355039500
2826;184492584;1354106160
2827;184631370;1356431351
2828;184770208;1357530496
2829;184909098;1360087014
2830;185048040;1357834000
2831;185187034;1360270021
2832;185326080;1361891808
2833;185465178;1368803612
2834;185604328;1365789620
2835;185743530;1367122050
2836;185882784;1365658784
2837;186022090;1369107830
2838;186161448;1370368032
2839;186300858;1372423702
2840;186440320;1372032400
2841;186579834;1377657720
2842;186719400;1372202860
2843;186859018;1377112241
2844;186998688;1377235440
2845;187138410;1381048350
2846;187278184;1378101504
2847;187418010;1379610648
2848;187557888;1380083840
2849;187697818;1387292060
2850;187837800;1386889800
2851;187977834;1388890309
2852;188117920;1388256632
2853;188258058;1390529376
2854;188398248;1388002944
2855;188538490;1391920990
2856;188678784;1390889136
2857;188819130;1399932857
2858;188959528;1395607128
2859;189099978;1397736510
2860;189240480;1394713320
2861;189381034;1405240231
2862;189521640;1401063480
2863;189662298;1402895767
2864;189803008;1403491744
2865;189943770;1407806565
2866;190084584;1400791892
2867;190225450;1406925777
2868;190366368;1409639208
2869;190507338;1413605073
2870;190648360;1414003080
2871;190789434;1415219256
2872;190930560;1413236528
2873;191071738;1417986388
2874;191212968;1419003012
2875;191354250;1418530750
2876;191495584;1418305152
2877;191636970;1420530258
2878;191778408;1419936128
2879;191919898;1422087808
2880;192061440;1422754560
2881;192203034;1432502344
2882;192344680;1429005116
2883;192486378;1430388918
2884;192628128;1428341376
2885;192769930;1435221145
2886;192911784;1432240992
2887;193053690;1434856322
2888;193195648;1435815408
2889;193337658;1439949825
2890;193479720;1437301040
2891;193621834;1441334069
2892;193764000;1442240400
2893;193906218;1446152840
2894;194048488;1444800560
2895;194190810;1444046265
2896;194333184;1442184832
2897;194475610;1450892922
2898;194618088;1448460972
2899;194760618;1454039834
2900;194903200;1454216600
2901;195045834;1456325208
2902;195188520;1450570504
2903;195331258;1454998115
2904;195474048;1455990096
2905;195616890;1464529605
2906;195759784;1459108412
2907;195902730;1461523320
2908;196045728;1462468096
2909;196188778;1463820436
2910;196331880;1464527340
2911;196475034;1467653425
2912;196618240;1466518144
2913;196761498;1474691685
2914;196904808;1466954224
2915;197048170;1471424955
2916;197191584;1473658920
2917;197335050;1480088717
2918;197478568;1476840652
2919;197622138;1476596583
2920;197765760;1476182640
2921;197909434;1483654767
2922;198053160;1483423428
2923;198196938;1481671623
2924;198340768;1484397840
2925;198484650;1486789200
2926;198628584;1486296812
2927;198772570;1491332843
2928;198916608;1487874912
2929;199060698;1496783438
2930;199204840;1492893600
2931;199349034;1494572589
2932;199493280;1491209336
2933;199637578;1498349447
2934;199781928;1497584016
2935;199926330;1500733005
2936;200070784;1500213792
2937;200215290;1504169865
2938;200359848;1501682312
2939;200504458;1506360938
2940;200649120;1505791560
2941;200793834;1513823871
2942;200938600;1508940032
2943;201083418;1508911416
2944;201228288;1507869696
2945;201373210;1516209690
2946;201518184;1514037780
2947;201663210;1515306142
2948;201808288;1517052592
2949;201953418;1519410321
2950;202098600;1516783800
2951;202243834;1521801190
2952;202389120;1523710224
2953;202534458;1528883267
2954;202679848;1525510588
2955;202825290;1527436545
2956;202970784;1522753840
2957;203116330;1529463895
2958;203261928;1530605268
2959;203407578;1532353658
2960;203553280;1534256800
2961;203699034;1539456471
2962;203844840;1534434480
2963;203990698;1537079954
2964;204136608;1539163704
2965;204282570;1545233470
2966;204428584;1540795476
2967;204574650;1541317929
2968;204720768;1541442672
2969;204866938;1549999109
2970;205013160;1547987760
2971;205159434;1552600035
2972;205305760;1548703256
2973;205452138;1551917892
2974;205598568;1549935788
2975;205745050;1552497800
2976;205891584;1555150464
2977;206038170;1563612687
2978;206184808;1559137856
2979;206331498;1560176775
2980;206478240;1557997640
2981;206625034;1566020654
2982;206771880;1564070928
2983;206918778;1567608262
2984;207065728;1568145712
2985;207212730;1570653270
2986;207359784;1565517996
2987;207506890;1571293428
2988;207654048;1572871248
2989;207801258;1578622416
2990;207948520;1576441620
2991;208095834;1579122378
2992;208243200;1573660352
2993;208390618;1583057560
2994;208538088;1582299060
2995;208685610;1582471145
2996;208833184;1581905976
2997;208980810;1585799613
2998;209128488;1584892700
2999;209276218;1586875865
3000;209424000;1587342000
3001;209571834;1597663377
3002;209719720;1592386884
3003;209867658;1593902310
3004;210015648;1595881008
3005;210163690;1596661675
3006;210311784;1595693016
3007;210459930;1598867005
3008;210608128;1599612288
3009;210756378;1605993570
3010;210904680;1600898600
3011;211053034;1608638794
3012;211201440;1606082736
3013;211349898;1611512089
3014;211498408;1610802160
3015;211646970;1612108440
3016;211795584;1608468992
3017;211944250;1617226646
3018;212092968;1614871440
3019;212241738;1614947632
3020;212390560;1617463680
3021;212539434;1621706031
3022;212688360;1619683208
3023;212837338;1620914462
3024;212986368;1622496960
3025;213135450;1633137000
3026;213284584;1627273864
3027;213433770;1629137454
3028;213583008;1626459920
3029;213732298;1632309926
3030;213881640;1635321300
3031;214031034;1635533662
3032;214180480;1634205552
3033;214329978;1638132399
3034;214479528;1636751980
3035;214629130;1639892445
3036;214778784;1637424096
3037;214928490;1647041025
3038;215078248;1642464320
3039;215228058;1645761333
3040;215377920;1642439040
3041;215527834;1652439867
3042;215677800;1649597508
3043;215827818;1654162628
3044;215977888;1652776328
3045;216128010;1655222415
3046;216278184;1653557652
3047;216428410;1655788552
3048;216578688;1657447536
3049;216729018;1665284526
3050;216879400;1662603800
3051;217029834;1663603515
3052;217180320;1661258536
3053;217330858;1669352923
3054;217481448;1668058152
3055;217632090;1667987230
3056;217782784;1669468352
3057;217933530;1674251646
3058;218084328;1668750600
3059;218235178;1675255232
3060;218386080;1678036680
3061;218537034;1684033638
3062;218688040;1678790492
3063;218839098;1678919127
3064;218990208;1678275360
3065;219141370;1685431240
3066;219292584;1682835420
3067;219443850;1686359280
3068;219595168;1688117912
3069;219746538;1690082955
3070;219897960;1689488540
3071;220049434;1693119075
3072;220200960;1692954624
3073;220352538;1700782580
3074;220504168;1695108116
3075;220655850;1696040850
3076;220807584;1696370936
3077;220959370;1701113296
3078;221111208;1702207872
3079;221263098;1704956223
3080;221415040;1703424800
3081;221567034;1713288642
3082;221719080;1707933448
3083;221871178;1709329271
3084;222023328;1709942304
3085;222175530;1716706865
3086;222327784;1712032564
3087;222480090;1714692672
3088;222632448;1713043296
3089;222784858;1723414880
3090;222937320;1719813660
3091;223089834;1722518479
3092;223242400;1723418960
3093;223395018;1725439329
3094;223547688;1722522620
3095;223700410;1729337440
3096;223853184;1725741360
3097;224006010;1736404281
3098;224158888;1732166152
3099;224311818;1732796553
3100;224464800;1730897400
3101;224617834;1739527657
3102;224770920;1738056804
3103;224924058;1740457185
3104;225077248;1740301056
3105;225230490;1747059300
3106;225383784;1743211440
3107;225537130;1745500172
3108;225690528;1748343240
3109;225843978;1754097800
3110;225997480;1749175960
3111;226151034;1752815175
3112;226304640;1748782176
3113;226458298;1758773401
3114;226612008;1756981080
3115;226765770;1759573165
3116;226919584;1757093704
3117;227073450;1761700347
3118;227227368;1756749796
3119;227381338;1762512591
3120;227535360;1764141600
3121;227689434;1775948872
3122;227843560;1769543356
3123;227997738;1771018947
3124;228151968;1767721648
3125;228306250;1775668750
3126;228460584;1774011252
3127;228614970;1774750739
3128;228769408;1776797840
3129;228923898;1781120670
3130;229078440;1778002760
3131;229233034;1783220347
3132;229387680;1784037312
3133;229542378;1788820813
3134;229697128;1787270056
3135;229851930;1787072265
3136;230006784;1785977088
3137;230161690;1797394342
3138;230316648;1791477924
3139;230471658;1793725048
3140;230626720;1796852440
3141;230781834;1800540558
3142;230937000;1795766112
3143;231092218;1799493220
3144;231247488;1802235120
3145;231402810;1809837425
3146;231558184;1806426908
3147;231713610;1809210300
3148;231869088;1804232128
3149;232024618;1809374463
3150;232180200;1811703600
3151;232335834;1816847694
3152;232491520;1815350272
3153;232647258;1818789132
3154;232803048;1813026436
3155;232958890;1820034315
3156;233114784;1817635080
3157;233270730;1826138237
3158;233426728;1826429300
3159;233582778;1823899194
3160;233738880;1825468800
3161;233895034;1832624521
3162;234051240;1830102360
3163;234207498;1832667504
3164;234363808;1832240760
3165;234520170;1836630510
3166;234676584;1828947544
3167;234833050;1835928902
3168;234989568;1837598400
3169;235146138;1848195659
3170;235302760;1842061640
3171;235459434;1843907961
3172;235616160;1842735336
3173;235772938;1849630544
3174;235929768;1850651484
3175;236086650;1848526275
3176;236243584;1849359392
3177;236400570;1855593567
3178;236557608;1851299408
3179;236714698;1857492879
3180;236871840;1858601880
3181;237029034;1865605604
3182;237186280;1861864568
3183;237343578;1862729796
3184;237500928;1860067328
3185;237658330;1870286145
3186;237815784;1866811212
3187;237973290;1870255893
3188;238130848;1868952248
3189;238288458;1872032292
3190;238446120;1870131120
3191;238603834;1877785433
3192;238761600;1875140400
3193;238919418;1885380289
3194;239077288;1881451252
3195;239235210;1879656840
3196;239393184;1878979536
3197;239551210;1886050968
3198;239709288;1885521612
3199;239867418;1888094586
3200;240025600;1887833600
3201;240183834;1896330018
3202;240342120;1889083940
3203;240500458;1892550204
3204;240658848;1895268528
3205;240817290;1902077760
3206;240975784;1896599068
3207;241134330;1902158289
3208;241292928;1898532896
3209;241451578;1904390677
3210;241610280;1905571560
3211;241769034;1907083542
3212;241927840;1909893744
3213;242086698;1911307671
3214;242245608;1910620152
3215;242404570;1910957420
3216;242563584;1910271840
3217;242722650;1921813281
3218;242881768;1917490352
3219;243040938;1917246057
3220;243200160;1918211960
3221;243359434;1927394864
3222;243518760;1924822800
3223;243678138;1926780306
3224;243837568;1927229824
3225;243997050;1932555450
3226;244156584;1926134916
3227;244316170;1931485353
3228;244475808;1932661704
3229;244635498;1938798157
3230;244795240;1935377240
3231;244955034;1937449764
3232;245114880;1936375232
3233;245274778;1944662432
3234;245434728;1945749036
3235;245594730;1948851345
3236;245754784;1943716344
3237;245914890;1948003941
3238;246075048;1947721760
3239;246235258;1950175988
3240;246395520;1953383040
3241;246555834;1963890432
3242;246716200;1954647188
3243;246876618;1957876932
3244;247037088;1956482352
3245;247197610;1961050850
3246;247358184;1963563828
3247;247518810;1962649150
3248;247679488;1965085472
3249;247840218;1972159245
3250;248001000;1966971500
3251;248161834;1972775071
3252;248322720;1971681096
3253;248483658;1977342556
3254;248644648;1974585772
3255;248805690;1976204895
3256;248966784;1974099776
3257;249127930;1982340480
3258;249289128;1981645920
3259;249450378;1982185721
3260;249611680;1984544560
3261;249773034;1989761109
3262;249934440;1982839320
3263;250095898;1989904657
3264;250257408;1993102848
3265;250418970;1999779850
3266;250580584;1993873404
3267;250742250;1996378758
3268;250903968;1996924472
3269;251065738;2001654466
3270;251227560;1999591920
3271;251389434;2004373941
3272;251551360;2005107776
3273;251713338;2007484731
3274;251875368;2003897536
3275;252037450;2007794425
3276;252199584;2009760480
3277;252361770;2021102858
3278;252524008;2015268508
3279;252686298;2016303006
3280;252848640;2011499360
3281;253011034;2025203812
3282;253173480;2022604704
3283;253335978;2022360830
3284;253498528;2025610608
3285;253661130;2027265480
3286;253823784;2022086104
3287;253986490;2029686343
3288;254149248;2030820048
3289;254312058;2038578113
3290;254474920;2037858900
3291;254637834;2040732645
3292;254800800;2033356472
3293;254963818;2038811555
3294;255126888;2041555320
3295;255290010;2041598475
3296;255453184;2041516032
3297;255616410;2050018551
3298;255779688;2043111000
3299;255943018;2048919827
3300;256106400;2050125000
3301;256269834;2058777583
3302;256433320;2055230840
3303;256596858;2056596435
3304;256760448;2053171680
3305;256924090;2060935205
3306;257087784;2059360296
3307;257251530;2062169139
3308;257415328;2063636256
3309;257579178;2066142909
3310;257743080;2064149100
3311;257907034;2069603459
3312;258071040;2070741888
3313;258235098;2077645247
3314;258399208;2074703188
3315;258563370;2074563465
3316;258727584;2075590512
3317;258891850;2079593150
3318;259056168;2081149140
3319;259220538;2084766789
3320;259384960;2082310640
3321;259549434;2088895716
3322;259713960;2085936952
3323;259878538;2088618482
3324;260043168;2090762760
3325;260207850;2096099950
3326;260372584;2096550752
3327;260537370;2093784237
3328;260702208;2090583040
3329;260867098;2102702928
3330;261032040;2099265300
3331;261197034;2103483197
3332;261362080;2104144672
3333;261527178;2108175828
3334;261692328;2103754000
3335;261857530;2106179230
3336;262022784;2109412848
3337;262188090;2117172998
3338;262353448;2113768472
3339;262518858;2114087850
3340;262684320;2114487200
3341;262849834;2121862418
3342;263015400;2123486748
3343;263181018;2120304436
3344;263346688;2123433312
3345;263512410;2130634545
3346;263678184;2120119288
3347;263844010;2129532097
3348;264009888;2130486408
3349;264175818;2135995549
3350;264341800;2135390500
3351;264507834;2136858978
3352;264673920;2132689888
3353;264840058;2141423627
3354;265006248;2140254480
3355;265172490;2145213840
3356;265338784;2143255704
3357;265505130;2143484784
3358;265671528;2143888236
3359;265837978;2149054610
3360;266004480;2149943040
3361;266171034;2163294206
3362;266337640;2156171632
3363;266504298;2157075282
3364;266671008;2155160056
3365;266837770;2161632255
3366;267004584;2158333056
3367;267171450;2166876621
3368;267338368;2168143264
3369;267505338;2170434453
3370;267672360;2164544260
3371;267839434;2170155412
3372;268006560;2171891712
3373;268173738;2177338960
3374;268340968;2174995116
3375;268508250;2177097750
3376;268675584;2174306048
3377;268842970;2184040980
3378;269010408;2183458128
3379;269177898;2183891627
3380;269345440;2185034800
3381;269513034;2192304639
3382;269680680;2187957844
3383;269848378;2189335514
3384;270016128;2194997760
3385;270183930;2201844335
3386;270351784;2192807460
3387;270519690;2196889488
3388;270687648;2195701816
3389;270855658;2204117486
3390;271023720;2203486440
3391;271191834;2204824809
3392;271360000;2204894976
3393;271528218;2212802631
3394;271696488;2211659372
3395;271864810;2212765940
3396;272033184;2213546760
3397;272201610;2220017631
3398;272370088;2218404688
3399;272538618;2216739426
3400;272707200;2218445600
3401;272875834;2226794547
3402;273044520;2227112496
3403;273213258;2230139035
3404;273382048;2228462640
3405;273550890;2230353315
3406;273719784;2224083940
3407;273888730;2233438408
3408;274057728;2231906016
3409;274226778;2242034529
3410;274395880;2239408380
3411;274565034;2245324860
3412;274734240;2237773848
3413;274903498;2244136238
3414;275072808;2245483392
3415;275242170;2245174675
3416;275411584;2245432448
3417;275581050;2254652778
3418;275750568;2247738324
3419;275920138;2253079972
3420;276089760;2258328600
3421;276259434;2265683827
3422;276429160;2257520776
3423;276598938;2259751641
3424;276768768;2259004544
3425;276938650;2268493950
3426;277108584;2266045476
3427;277278570;2266768588
3428;277448608;2271228256
3429;277618698;2271846231
3430;277788840;2270790340
3431;277959034;2279299075
3432;278129280;2277468336
3433;278299578;2287116095
3434;278469928;2282147116
3435;278640330;2282045685
3436;278810784;2278872024
3437;278981290;2285323166
3438;279151848;2287597068
3439;279322458;2288544452
3440;279493120;2290957440
3441;279663834;2297524731
3442;279834600;2292681780
3443;280005418;2294477174
3444;280176288;2301198144
3445;280347210;2306100225
3446;280518184;2303237480
3447;280689210;2302985511
3448;280860288;2301071072
3449;281031418;2307860411
3450;281202600;2309526600
3451;281373834;2313015495
3452;281545120;2314904296
3453;281716458;2315792433
3454;281887848;2312252668
3455;282059290;2316978280
3456;282230784;2318215680
3457;282402330;2330239248
3458;282573928;2321389980
3459;282745578;2330314464
3460;282917280;2325258400
3461;283089034;2330720464
3462;283260840;2331698544
3463;283432698;2332396297
3464;283604608;2334465808
3465;283776570;2337676110
3466;283948584;2337505060
3467;284120650;2338515769
3468;284292768;2340352056
3469;284464938;2346983171
3470;284637160;2346011480
3471;284809434;2347694154
3472;284981760;2346210944
3473;285154138;2356347148
3474;285326568;2353669740
3475;285499050;2351949500
3476;285671584;2354002816
3477;285844170;2360997741
3478;286016808;2359503024
3479;286189498;2361639133
3480;286362240;2363107920
3481;286535034;2373930608
3482;286707880;2368943880
3483;286880778;2367527454
3484;287053728;2366158600
3485;287226730;2373863510
3486;287399784;2374461012
3487;287572890;2378269993
3488;287746048;2376144192
3489;287919258;2382215931
3490;288092520;2376201400
3491;288265834;2383934080
3492;288439200;2383520472
3493;288612618;2392966975
3494;288786088;2387673816
3495;288959610;2389126080
3496;289133184;2387376448
3497;289306810;2397462769
3498;289480488;2399159268
3499;289654218;2398606488
3500;289828000;2399908000
3501;290001834;2406461364
3502;290175720;2399395300
3503;290349658;2402644646
3504;290523648;2406400032
3505;290697690;2414352655
3506;290871784;2409077780
3507;291045930;2411770914
3508;291220128;2410837920
3509;291394378;2414055149
3510;291568680;2420594280
3511;291743034;2424742243
3512;291917440;2421601264
3513;292091898;2424588288
3514;292266408;2419353860
3515;292440970;2428573255
3516;292615584;2429260656
3517;292790250;2434168455
3518;292964968;2432746252
3519;293139738;2432568573
3520;293314560;2433235200
3521;293489434;2444845081
3522;293664360;2440724868
3523;293839338;2439874788
3524;294014368;2446656816
3525;294189450;2445172650
3526;294364584;2443405168
3527;294539770;2448446927
3528;294715008;2450584080
3529;294890298;2462469149
3530;295065640;2455856300
3531;295241034;2458225704
3532;295416480;2455057880
3533;295591978;2460261078
3534;295767528;2462272092
3535;295943130;2463424845
3536;296118784;2465101184
3537;296294490;2472543387
3538;296470248;2466219508
3539;296646058;2470356482
3540;296821920;2472895320
3541;296997834;2482375558
3542;297173800;2478216972
3543;297349818;2482686390
3544;297525888;2473634032
3545;297702010;2485360505
3546;297878184;2482731900
3547;298054410;2486971956
3548;298230688;2488815560
3549;298407018;2491096335
3550;298583400;2492362700
3551;298759834;2493167753
3552;298936320;2493504000
3553;299112858;2505891817
3554;299289448;2504617528
3555;299466090;2501340660
3556;299642784;2496952080
3557;299819530;2509235852
3558;299996328;2507600124
3559;300173178;2505596503
3560;300350080;2508069840
3561;300527034;2515921281
3562;300704040;2509065676
3563;300881098;2516514833
3564;301058208;2520161424
3565;301235370;2527360405
3566;301412584;2523629672
3567;301589850;2521790526
3568;301767168;2523089792
3569;301944538;2531413182
3570;302121960;2530137540
3571;302299434;2538173954
3572;302476960;2534598328
3573;302654538;2535300756
3574;302832168;2534344844
3575;303009850;2536576900
3576;303187584;2542528848
3577;303365370;2548301301
3578;303543208;2543814880
3579;303721098;2543752776
3580;303899040;2544127000
3581;304077034;2553840284
3582;304255080;2552475888
3583;304433178;2553797582
3584;304611328;2555083776
3585;304789530;2562443280
3586;304967784;2553332408
3587;305146090;2561171805
3588;305324448;2564264664
3589;305502858;2569849615
3590;305681320;2569240940
3591;305859834;2569543641
3592;306038400;2569530016
3593;306217018;2573385646
3594;306395688;2575431648
3595;306574410;2574027190
3596;306753184;2576109672
3597;306932010;2581059723
3598;307110888;2578960048
3599;307289818;2584661439
3600;307468800;2586052800
3601;307647834;2598661650
3602;307826920;2591574164
3603;308006058;2590366041
3604;308185248;2587945904
3605;308364490;2596832910
3606;308543784;2597387376
3607;308723130;2596971467
3608;308902528;2600992768
3609;309081978;2606279049
3610;309261480;2602687260
3611;309441034;2610868552
3612;309620640;2611107576
3613;309800298;2619547842
3614;309980008;2613247260
3615;310159770;2616493620
3616;310339584;2611091904
3617;310519450;2622147767
3618;310699368;2620843020
3619;310879338;2625190029
3620;311059360;2627613200
3621;311239434;2631246723
3622;311419560;2626659912
3623;311599738;2629479202
3624;311779968;2632966464
3625;311960250;2641334500
3626;312140584;2638654704
3627;312320970;2641340988
3628;312501408;2639500608
3629;312681898;2641806759
3630;312862440;2646473280
3631;313043034;2652002518
3632;313223680;2646667456
3633;313404378;2654404221
3634;313585128;2649425844
3635;313765930;2653324630
3636;313946784;2653021944
3637;314127690;2662240356
3638;314308648;2659872768
3639;314489658;2661615546
3640;314670720;2659274800
3641;314851834;2673422455
3642;315033000;2670831564
3643;315214218;2668085841
3644;315395488;2673384160
3645;315576810;2672331750
3646;315758184;2670556452
3647;315939610;2674148162
3648;316121088;2680426368
3649;316302618;2689535589
3650;316484200;2686064200
3651;316665834;2688764346
3652;316847520;2684146960
3653;317029258;2691724009
3654;317211048;2694854232
3655;317392890;2698647320
3656;317574784;2696175696
3657;317756730;2701100427
3658;317938728;2699369888
3659;318120778;2702976480
3660;318302880;2703942120
3661;318485034;2713873673
3662;318667240;2706364480
3663;318849498;2708370918
3664;319031808;2711176800
3665;319214170;2716443025
3666;319396584;2713785828
3667;319579050;2720888331
3668;319761568;2722609680
3669;319944138;2723788551
3670;320126760;2718339640
3671;320309434;2726627908
3672;320492160;2728464912
3673;320674938;2736697205
3674;320857768;2733095948
3675;321040650;2734990125
3676;321223584;2731576784
3677;321406570;2738416334
3678;321589608;2740154136
3679;321772698;2739409153
3680;321955840;2743528320
3681;322139034;2751646887
3682;322322280;2742383056
3683;322505578;2750482815
3684;322688928;2753406864
3685;322872330;2758742085
3686;323055784;2757533460
3687;323239290;2755468389
3688;323422848;2753165760
3689;323606458;2761998568
3690;323790120;2768555340
3691;323973834;2769814984
3692;324157600;2768438816
3693;324341418;2771434008
3694;324525288;2766650852
3695;324709210;2770969180
3696;324893184;2771164704
3697;325077210;2788303279
3698;325261288;2778795536
3699;325445418;2781611010
3700;325629600;2780683200
3701;325813834;2791638393
3702;325998120;2790634236
3703;326182458;2790010538
3704;326366848;2793586432
3705;326551290;2795526240
3706;326735784;2795057788
3707;326920330;2795281885
3708;327104928;2802439656
3709;327289578;2806533538
3710;327474280;2804641280
3711;327659034;2811275472
3712;327843840;2799582976
3713;328028698;2814728762
3714;328213608;2813993808
3715;328398570;2811411695
3716;328583584;2814327464
3717;328768650;2816627373
3718;328953768;2819232988
3719;329138938;2825127193
3720;329324160;2824402560
3721;329509434;2836015965
3722;329694760;2831474280
3723;329880138;2829926760
3724;330065568;2831893456
3725;330251050;2838423925
3726;330436584;2835702108
3727;330622170;2840208801
3728;330807808;2839968032
3729;330993498;2845778892
3730;331179240;2840574040
3731;331365034;2847368615
3732;331550880;2850941976
3733;331736778;2856069771
3734;331922728;2854000752
3735;332108730;2854074105
3736;332294784;2849955296
3737;332480890;2859044168
3738;332667048;2864003268
3739;332853258;2864911536
3740;333039520;2864608120
3741;333225834;2871146421
3742;333412200;2865249400
3743;333598618;2869552235
3744;333785088;2874763008
3745;333971610;2884885850
3746;334158184;2873152032
3747;334344810;2879487066
3748;334531488;2875390640
3749;334718218;2882658586
3750;334905000;2886757500
3751;335091834;2889819163
3752;335278720;2895140752
3753;335465658;2897544933
3754;335652648;2889851724
3755;335839690;2892510295
3756;336026784;2893960440
3757;336213930;2904897372
3758;336401128;2908368812
3759;336588378;2899252797
3760;336775680;2901178400
3761;336963034;2912751582
3762;337150440;2911584852
3763;337337898;2916550780
3764;337525408;2916061136
3765;337712970;2915808015
3766;337900584;2911366556
3767;338088250;2921801977
3768;338275968;2921292720
3769;338463738;2931283215
3770;338651560;2928762200
3771;338839434;2932495524
3772;339027360;2925631096
3773;339215338;2930938087
3774;339403368;2936375796
3775;339591450;2936651775
3776;339779584;2938067840
3777;339967770;2944386789
3778;340156008;2939956484
3779;340344298;2942238704
3780;340532640;2946109320
3781;340721034;2960901100
3782;340909480;2952713296
3783;341097978;2954182530
3784;341286528;2952814128
3785;341475130;2962875290
3786;341663784;2956729704
3787;341852490;2960718257
3788;342041248;2963776656
3789;342230058;2965881429
3790;342418920;2964666860
3791;342607834;2970206799
3792;342796800;2973686400
3793;342985818;2981961775
3794;343174888;2978965332
3795;343364010;2982835845
3796;343553184;2979078024
3797;343742410;2984423015
3798;343931688;2986390188
3799;344121018;2984954079
3800;344310400;2989444800
3801;344499834;2997255744
3802;344689320;2991109440
3803;344878858;2996969362
3804;345068448;2999628984
3805;345258090;3002514085
3806;345447784;3000437264
3807;345637530;3004849872
3808;345827328;3001435136
3809;346017178;3012987562
3810;346207080;3013092780
3811;346397034;3014710605
3812;346587040;3014506728
3813;346777098;3016914234
3814;346967208;3017301168
3815;347157370;3018641640
3816;347347584;3021287472
3817;347537850;3030133084
3818;347728168;3029926620
3819;347918538;3028195851
3820;348108960;3031284600
3821;348299434;3036881127
3822;348489960;3037190520
3823;348680538;3043257097
3824;348871168;3038236832
3825;349061850;3043739925
3826;349252584;3039910040
3827;349443370;3045308461
3828;349634208;3048534984
3829;349825098;3057414381
3830;350016040;3053237700
3831;350207034;3053433423
3832;350398080;3048041776
3833;350589178;3057760418
3834;350780328;3062959596
3835;350971530;3066431485
3836;351162784;3067296288
3837;351354090;3069584652
3838;351545448;3063514628
3839;351736858;3070520497
3840;351928320;3071846400
3841;352119834;3085820990
3842;352311400;3079232372
3843;352503018;3077716509
3844;352694688;3078059936
3845;352886410;3083313190
3846;353078184;3084715068
3847;353270010;3084955464
3848;353461888;3091498592
3849;353653818;3093037155
3850;353845800;3089817500
3851;354037834;3105484910
3852;354229920;3100544136
3853;354422058;3108007038
3854;354614248;3105584032
3855;354806490;3101648190
3856;354998784;3098990080
3857;355191130;3112336724
3858;355383528;3116191476
3859;355575978;3112055819
3860;355768480;3118108000
3861;355961034;3122282592
3862;356153640;3123199400
3863;356346298;3119561787
3864;356539008;3123858528
3865;356731770;3135574010
3866;356924584;3126155848
3867;357117450;3129450957
3868;357310368;3127486872
3869;357503338;3133286436
3870;357696360;3139870320
3871;357889434;3143325549
3872;358082560;3143963328
3873;358275738;3151204482
3874;358468968;3140365124
3875;358662250;3148844375
3876;358855584;3151730640
3877;359048970;3160007005
3878;359242408;3155505332
3879;359435898;3159484290
3880;359629440;3154440000
3881;359823034;3168339732
3882;360016680;3165188700
3883;360210378;3164672181
3884;360404128;3168769168
3885;360597930;3168291315
3886;360791784;3167867200
3887;360985690;3172413920
3888;361179648;3182086944
3889;361373658;3188579433
3890;361567720;3184213960
3891;361761834;3185258202
3892;361956000;3180845976
3893;362150218;3189889163
3894;362344488;3191280972
3895;362538810;3192400425
3896;362733184;3194268064
3897;362927610;3198131505
3898;363122088;3193841892
3899;363316618;3196793999
3900;363511200;3204388200
3901;363705834;3216319886
3902;363900520;3208918956
3903;364095258;3206220828
3904;364290048;3205738368
3905;364484890;3217376360
3906;364679784;3215044224
3907;364874730;3224079842
3908;365069728;3220895440
3909;365264778;3222689052
3910;365459880;3221331700
3911;365655034;3230857545
3912;365850240;3226907088
3913;366045498;3238132716
3914;366240808;3238521880
3915;366436170;3236710590
3916;366631584;3233433368
3917;366827050;3241999058
3918;367022568;3243915936
3919;367218138;3242274918
3920;367413760;3249476160
3921;367609434;3257386434
3922;367805160;3246176648
3923;368000938;3252700528
3924;368196768;3258081504
3925;368392650;3263798425
3926;368588584;3257983248
3927;368784570;3264338385
3928;368980608;3264348688
3929;369176698;3268444733
3930;369372840;3268691040
3931;369569034;3271476475
3932;369765280;3273893296
3933;369961578;3275339472
3934;370157928;3276313880
3935;370354330;3280263220
3936;370550784;3275610048
3937;370747290;3292658769
3938;370943848;3287970092
3939;371140458;3287560302
3940;371337120;3291925160
3941;371533834;3296890842
3942;371730600;3296536920
3943;371927418;3298579738
3944;372124288;3301285760
3945;372321210;3302848680
3946;372518184;3297987880
3947;372715210;3307088678
3948;372912288;3309916344
3949;373109418;3319951943
3950;373306600;3315385100
3951;373503834;3317457150
3952;373701120;3310874944
3953;373898458;3323251523
3954;374095848;3324768348
3955;374293290;3320784110
3956;374490784;3326655784
3957;374688330;3330440706
3958;374885928;3323698836
3959;375083578;3330706700
3960;375281280;3338050320
3961;375479034;3351445671
3962;375676840;3342565072
3963;375874698;3346048086
3964;376072608;3340201176
3965;376270570;3345345835
3966;376468584;3352364616
3967;376666650;3348088495
3968;376864768;3350674432
3969;377062938;3359921229
3970;377261160;3356754100
3971;377459434;3362638829
3972;377657760;3368295720
3973;377856138;3369425813
3974;378054568;3369451276
3975;378253050;3368828400
3976;378451584;3366542816
3977;378650170;3377534859
3978;378848808;3378038040
3979;379047498;3383375532
3980;379246240;3383031840
3981;379445034;3386939256
3982;379643880;3379180948
3983;379842778;3389222326
3984;380041728;3388097184
3985;380240730;3397782355
3986;380439784;3391838868
3987;380638890;3394491930
3988;380838048;3392216728
3989;381037258;3399513558
3990;381236520;3405752280
3991;381435834;3412835803
3992;381635200;3410565200
3993;381834618;3412050444
3994;382034088;3410524528
3995;382233610;3412209400
3996;382433184;3417091488
3997;382632810;3425001321
3998;382832488;3421360464
3999;383032218;3420220731
4000;383232000;3422272000
4001;383431834;3433330118
4002;383631720;3431450868
4003;383831658;3434125664
4004;384031648;3434671240
4005;384231690;3444760575
4006;384431784;3433871092
4007;384631930;3437160523
4008;384832128;3443168592
4009;385032378;3452274179
4010;385232680;3452553860
4011;385433034;3453707649
4012;385633440;3445818536
4013;385833898;3455489962
4014;386034408;3458976192
4015;386234970;3459014845
4016;386435584;3461735776
4017;386636250;3464967792
4018;386836968;3465838404
4019;387037738;3473404674
4020;387238560;3473746320
4021;387439434;3481454178
4022;387640360;3478466920
4023;387841338;3476386944
4024;388042368;3474691808
4025;388243450;3480985025
4026;388444584;3485863788
4027;388645770;3486701437
4028;388847008;3489496680
4029;389048298;3488606346
4030;389249640;3488021420
4031;389451034;3499278852
4032;389652480;3500969472
4033;389853978;3511149965
4034;390055528;3505166804
4035;390257130;3503283840
4036;390458784;3498792256
4037;390660490;3511136343
4038;390862248;3515579712
4039;391064058;3512152840
4040;391265920;3515624160
4041;391467834;3525085530
4042;391669800;3518261892
4043;391871818;3523240006
4044;392073888;3527314296
4045;392276010;3533833350
4046;392478184;3527343260
4047;392680410;3536879697
4048;392882688;3533005344
4049;393085018;3541032705
4050;393287400;3539910600
4051;393489834;3548485603
4052;393692320;3546893888
4053;393894858;3545840004
4054;394097448;3545239216
4055;394300090;3548773800
4056;394502784;3552520608
4057;394705530;3565660787
4058;394908328;3563362264
4059;395111178;3559158504
4060;395314080;3561229000
4061;395517034;3573050545
4062;395720040;3570351768
4063;395923098;3566086974
4064;396126208;3572150336
4065;396329370;3576777240
4066;396532584;3568573692
4067;396735850;3577390138
4068;396939168;3584477520
4069;397142538;3589456143
4070;397345960;3589780700
4071;397549434;3594127131
4072;397752960;3586544304
4073;397956538;3594255507
4074;398160168;3598670124
4075;398363850;3601452400
4076;398567584;3599083544
4077;398771370;3602791899
4078;398975208;3602301300
4079;399179098;3604612300
4080;399383040;3607772640
4081;399587034;3623328093
4082;399791080;3618390932
4083;399995178;3617746233
4084;400199328;3612167312
4085;400403530;3620858215
4086;400607784;3625646724
4087;400812090;3623730376
4088;401016448;3627372336
4089;401220858;3632933385
4090;401425320;3631429200
4091;401629834;3637144460
4092;401834400;3638426352
4093;402039018;3646048493
4094;402243688;3642505492
4095;402448410;3644165070
4096;402653184;3643113472
